,offer_id,comparison_new,brand,matches
162,a252fa24-f00a-40a5-a272-e4bc629e3f27,more   more offwhite bluse,more & more,"[('more   more offwhite   weiß bluse', 95), ('more   more offwhite   weiß bluse', 95)]"
325,652b8052-1685-4bff-9e06-1fb428325e2d,more   more hellblau t shirt basic,more & more,"[('more   more hellblau   blau t shirt', 87), ('more   more hellblau   blau t shirt', 87)]"
445,76e3100d-89d1-45b4-8147-a8236c03cf2e,more   more offwhite patched bluse,more & more,"[('more   more creme   schwarz   schwarz bleistiftkleid', 86), ('more   more lila   schwarz   wollweiß   schwarz bleistiftrock', 86)]"
845,773b0477-be0f-4d26-9183-8dd8928536f7,more   more blau blouse bluse,more & more,"[('more   more blau   blau bluse', 95), ('more   more blau   blau bluse', 95)]"
899,de89698d-56dc-4b60-b453-c719ec37e4da,more   more mehrfarbig dress freizeitkleid,more & more,"[('more   more weiß   weiß rock', 86), ('more   more rauchblau   dunkelblau   hellgrau   blau blusenkleid', 86)]"
911,062aefb1-8d37-43a1-b2e7-2181cd65546c,more   more mehrfarbig coat klassischer mantel,more & more,"[('more   more weiß   weiß rock', 86), ('more   more weiß   weiß bluse', 86)]"
1472,90990c40-6593-41eb-be19-491f740c8c32,more   more grau dress  interlock freizeitkleid jerseykleid,more & more,"[('more   more anthrazit   grau jeansjacke', 86), ('more   more blau   blau shirtjacke', 86)]"
1489,aabdbab0-62d0-43b8-9cef-4db3be69e9a4,more   more weiß bluse top,more & more,"[('more   more weiß   weiß bluse', 95), ('more   more weiß   weiß bluse', 95)]"
1705,3c7c592b-78c1-4af7-9145-4721ae9cd70b,more   more blau blouse  sleeve bluse,more & more,"[('more   more blau   blau bluse', 95), ('more   more blau   blau bluse', 95)]"
2221,b19884ff-a307-4aa6-88e5-c033ad7a0ab1,more   more orange dress interlock freizeitkleid,more & more,"[('more   more hummer   orange hose', 86), ('more   more weiß   weiß rock', 86)]"
2277,7f46532c-05d6-48e7-bdc5-cb856251b079,more   more flieder hemdbluse,more & more,"[('more   more creme   schwarz   schwarz bleistiftkleid', 86), ('more   more schwarz   silber   schwarz t shirt', 86)]"
2653,af087b45-b284-46f3-b667-26d3548b64bc,more   more beige blouse sleeve hemdbluse,more & more,"[('more   more weiß   weiß rock', 86), ('more   more rauchblau   dunkelblau   hellgrau   blau blusenkleid', 86)]"
2971,e1fa1e05-3a26-4921-9660-fa6c77fd243c,more   more braun sleeve strickpullover,more & more,"[('more   more braun   braun strickpullover', 95), ('more   more braun   braun strickpullover', 95)]"
3130,460431bd-63e8-49a5-b8c7-3198411a760e,more   more schwarz langarmshirt,more & more,"[('more   more creme   schwarz   schwarz bleistiftkleid', 86), ('more   more türkis   rot   weiß   weiß kurzarm bluse', 86)]"
3383,40dde549-5453-427e-9c59-e34db1a59224,more   more rosa pullunder strickpullover,more & more,"[('more   more weiß   weiß rock', 86), ('more   more rauchblau   dunkelblau   hellgrau   blau blusenkleid', 86)]"
3441,588b37be-855e-4f9f-ac7b-7b3db13c23e6,more   more offwhite top,more & more,"[('more   more creme   schwarz   schwarz bleistiftkleid', 86), ('more   more anthrazit   grau jeansjacke', 86)]"
3650,a3187a60-d992-4648-9c6e-79ee841a9f00,more   more schwarz hedy stoffhose,more & more,"[('more   more schwarz   schwarz stoffhose', 95), ('more   more schwarz   schwarz stoffhose', 95)]"
3719,3407e8fb-2c26-4113-a8a0-f84bfcb7ff6f,more   more offwhite with embellishment langarmshirt,more & more,"[('more   more blau   blau shirtjacke', 86), ('more   more schwarz   schwarz hose', 86)]"
3909,d009da25-7537-4f82-9fcc-fd1932c2dea4,more   more grau printed blouse bluse langarmshirt,more & more,"[('more   more weiß   weiß strickshirt', 86), ('more   more marine   blau t shirt', 86)]"
4224,356addef-1426-4b65-8be5-c07ed927b7f0,more   more mehrfarbig strickpullover,more & more,"[('more   more lila   schwarz   wollweiß   schwarz bleistiftrock', 86), ('more   more braun   pink   wollweiß   pink ärmellose bluse', 86)]"
4411,66cffd83-2b6e-43de-9cfc-cfb55f9f4e50,more   more dunkelblau structure dress strickkleid,more & more,"[('more   more weiß   weiß strickshirt', 86), ('more   more marine   blau t shirt', 86)]"
4639,a1f70898-4f4b-43ea-8540-6dc2d4d8609f,more   more beige blusenkleid,more & more,"[('more   more beige   weiß   beige blusenkleid', 95), ('more   more creme   schwarz   schwarz bleistiftkleid', 86)]"
4691,4b40b7c6-0388-4f69-acf4-ed9808cce66b,more   more rot metallic strickpullover,more & more,"[('more   more lila   schwarz   wollweiß   schwarz bleistiftrock', 86), ('more   more weiß   weiß rock', 86)]"
4875,01cb1d04-2f6d-47fd-bb8e-c45a4ba433a6,more   more blue denim trouser stoffhose,more & more,"[('more   more lila   schwarz   wollweiß   schwarz bleistiftrock', 86), ('more   more weiß   weiß rock', 86)]"
4961,5ff279bf-8d6b-4a7f-b85b-00fcd60c9918,more   more pink blouse sleeve hemdbluse,more & more,"[('more   more lila   schwarz   wollweiß   schwarz bleistiftrock', 86), ('more   more weiß   weiß rock', 86)]"
5027,865b554a-082d-448f-ada5-d09d2e6ace93,more   more braun jacket short lederjacke,more & more,"[('more   more braun   braun lederjacke', 95), ('more   more braun   braun lederjacke', 95)]"
6031,5f28bc6f-4d94-4825-828d-2c24ef722ed2,more   more grau dress freizeitkleid jerseykleid,more & more,"[('more   more hummer   orange hose', 86), ('more   more weiß   weiß rock', 86)]"
6159,f28ee06e-4852-48e0-a26c-a3f11db39aa7,more   more pink blazer,more & more,"[('more   more rosa   pink blazer', 95), ('more   more creme   schwarz   schwarz bleistiftkleid', 86)]"
6494,66ce81ad-ac6e-4cf3-be67-2abe2fac0ba8,more   more rot metallic trouser stoffhose,more & more,"[('more   more weiß   weiß rock', 86), ('more   more rauchblau   dunkelblau   hellgrau   blau blusenkleid', 86)]"
6503,1ea120d8-639e-44f3-b733-c9fb66172570,more   more hellblau top,more & more,"[('more   more creme   schwarz   schwarz bleistiftkleid', 86), ('more   more anthrazit   grau jeansjacke', 86)]"
6572,56cfb1ea-d9e5-4030-a95d-b17acda76970,more   more gelb blazer,more & more,"[('more   more gelb   gelb blazer', 95), ('more   more creme   schwarz   schwarz bleistiftkleid', 86)]"
6858,3f6da7db-4518-4f6c-b70c-257b3b525b33,more   more pink blouse hemdbluse,more & more,"[('more   more creme   schwarz   schwarz bleistiftkleid', 86), ('more   more lila   schwarz   wollweiß   schwarz bleistiftrock', 86)]"
7719,1a123fde-5fe1-4bd3-874d-9735976ed5df,more   more schwarz jacket blazer,more & more,"[('more   more schwarz   schwarz blazer', 95), ('more   more schwarz   schwarz blazer', 95)]"
8275,3dad2dfb-e0be-4d74-a600-f9acc4a1f43c,more   more offwhite strickpullover,more & more,"[('more   more lila   schwarz   wollweiß   schwarz bleistiftrock', 86), ('more   more braun   pink   wollweiß   pink ärmellose bluse', 86)]"
8297,7e5b4071-fb74-40d5-a2ad-7869231d66b9,more   more blau blouse  sleeve bluse,more & more,"[('more   more blau   blau bluse', 95), ('more   more blau   blau bluse', 95)]"
8437,1ad39d3d-0720-4108-a0bf-91aabaea1c32,more   more grau outdoor vest weste,more & more,"[('more   more lila   schwarz   wollweiß   schwarz bleistiftrock', 86), ('more   more braun   pink   wollweiß   pink ärmellose bluse', 86)]"
8477,181167c0-98ff-4895-a1b9-6b9c4fc7f5fb,more   more orange blouse bluse,more & more,"[('more   more orange   orange bluse', 95), ('more   more creme   schwarz   schwarz bleistiftkleid', 86)]"
8779,17117b65-5290-4b7b-b1f3-002f0efe537a,more   more khaki cardigan strickjacke,more & more,"[('more   more khaki   grün strickjacke', 88), ('more   more lila   schwarz   wollweiß   schwarz bleistiftrock', 86)]"
9299,155b2b9d-231c-416f-8585-40f8c761abff,more   more mehrfarbig a linien rock faltenrock,more & more,"[('more   more weiß   weiß rock', 86), ('more   more weiß   weiß bluse', 86)]"
9575,f112b464-7c77-4a6f-aea6-62545effd9a6,more   more beige cardigan strickjacke,more & more,"[('more   more beige   beige strickjacke', 95), ('more   more beige   beige strickjacke', 95)]"
9797,e47fc3c4-b328-4928-b77e-6bf2c9cb7116,more   more offwhite t shirt print,more & more,"[('more   more creme   schwarz   schwarz bleistiftkleid', 86), ('more   more lila   schwarz   wollweiß   schwarz bleistiftrock', 86)]"
10179,bc3e48c7-3435-4443-8707-765e091c9103,more   more rot metallic jeans slim fit,more & more,"[('more   more lila   schwarz   wollweiß   schwarz bleistiftrock', 86), ('more   more weiß   weiß rock', 86)]"
10308,c96151e9-a65c-47c5-a2c2-59f416dcc6e9,more   more offwhite coat long trenchcoat,more & more,"[('more   more weiß   weiß rock', 86), ('more   more rauchblau   dunkelblau   hellgrau   blau blusenkleid', 86)]"
10503,e8f02022-4c50-41a8-9fc6-ba3cb30687d4,more   more schwarz patched t shirt print bluse,more & more,"[('more   more schwarz   schwarz bluse', 95), ('more   more schwarz   schwarz t shirt', 95)]"
10533,dbfc13de-adfd-4297-adad-a5338f452190,more   more hellblau langarmshirt bluse,more & more,"[('more   more lila   schwarz   wollweiß   schwarz bleistiftrock', 86), ('more   more weiß   weiß rock', 86)]"
10755,7d1bce9b-c65e-4ad7-ade2-67776d4d7e65,more   more hellblau trouser stoffhose,more & more,"[('more   more lila   schwarz   wollweiß   schwarz bleistiftrock', 86), ('more   more rauchblau   dunkelblau   hellgrau   blau blusenkleid', 86)]"
10911,ba2e8182-9356-44ae-88c6-479559b8b14a,more   more schwarz trouser legging jersey jumpsuit,more & more,"[('more   more blau   blau shirtjacke', 86), ('more   more schwarz   schwarz hose', 86)]"
11026,55a4da8f-1c24-4316-9a1a-2092d50e2b59,more   more schwarz blouse non sleeve bluse top,more & more,"[('more   more schwarz   schwarz top', 95), ('more   more schwarz   schwarz bluse', 95)]"
11427,048c6a32-e2bb-4b3a-bc72-28a41238fc41,more   more dunkelblau dress short jerseykleid,more & more,"[('more   more weiß   weiß rock', 86), ('more   more weiß   weiß bluse', 86)]"
11447,a4a6404a-62b3-4db2-a109-1479ed820692,more   more orange cardigan strickjacke,more & more,"[('more   more orange   orange strickjacke', 95), ('more   more lila   schwarz   wollweiß   schwarz bleistiftrock', 86)]"
11504,cb0acae2-2f17-489d-9d8a-1fe43523e79c,more   more hellblau non sleeve top,more & more,"[('more   more lila   schwarz   wollweiß   schwarz bleistiftrock', 86), ('more   more braun   pink   wollweiß   pink ärmellose bluse', 86)]"
11722,c9bd0322-4e07-4758-822a-04b40f4b0bd9,more   more rot metallic blazer lederjacke,more & more,"[('more   more weiß   weiß rock', 86), ('more   more rauchblau   dunkelblau   hellgrau   blau blusenkleid', 86)]"
11820,0b350572-a529-42fe-885d-5097dc17f065,more   more beige trouser stoffhose,more & more,"[('more   more lila   schwarz   wollweiß   schwarz bleistiftrock', 86), ('more   more braun   pink   wollweiß   pink ärmellose bluse', 86)]"
11926,6ad620ab-4d6a-4298-817e-1989dfd83bd2,more   more schwarz trouser stoffhose,more & more,"[('more   more schwarz   schwarz stoffhose', 95), ('more   more schwarz   schwarz stoffhose', 95)]"
11975,13ca9990-95c3-486d-b688-3c7a6d96c76b,more   more beige skirt short a linien rock jeansrock,more & more,"[('more   more blau   blau shirtjacke', 86), ('more   more schwarz   schwarz hose', 86)]"
12085,5ba9cee6-55e1-4207-85a0-fb73f6d9aa20,more   more grau skirt short bleistiftrock minirock,more & more,"[('more   more grün   grau bleistiftrock', 87), ('more   more blau   blau shirtjacke', 86)]"
12088,1c00fc45-0307-42e9-82eb-ecb7f8a2ee3b,more   more braun skirt short a linien rock,more & more,"[('more   more braun   braun rock', 95), ('more   more weiß   weiß rock', 86)]"
12154,a041df05-2ffa-494d-970e-c8d9c25567d2,more   more schwarz hemdbluse,more & more,"[('more   more creme   schwarz   schwarz bleistiftkleid', 86), ('more   more schwarz   silber   schwarz t shirt', 86)]"
12193,7bec9b7a-c8d1-4c3d-bc94-5acba7157b92,more   more mehrfarbig a linien rock,more & more,"[('more   more lila   schwarz   wollweiß   schwarz bleistiftrock', 86), ('more   more braun   pink   wollweiß   pink ärmellose bluse', 86)]"
12313,cc56014a-2b5e-4184-be2c-b9a937930003,more   more orange strickpullover,more & more,"[('more   more creme   schwarz   schwarz bleistiftkleid', 86), ('more   more lila   schwarz   wollweiß   schwarz bleistiftrock', 86)]"
12452,70249b2f-f8bc-4474-b5ec-26dd403f9f2c,more   more khaki trouser stoffhose,more & more,"[('more   more lila   schwarz   wollweiß   schwarz bleistiftrock', 86), ('more   more braun   pink   wollweiß   pink ärmellose bluse', 86)]"
12726,040e51fd-e115-45d2-8014-0904be38f36a,more   more orange langarmshirt,more & more,"[('more   more creme   schwarz   schwarz bleistiftkleid', 86), ('more   more türkis   rot   weiß   weiß kurzarm bluse', 86)]"
12759,f6dfab50-21b7-4df5-9400-5fcb02fca4be,more   more beige trouser stoffhose,more & more,"[('more   more lila   schwarz   wollweiß   schwarz bleistiftrock', 86), ('more   more braun   pink   wollweiß   pink ärmellose bluse', 86)]"
13096,650750f8-7caa-44f1-9c83-41918cf99812,more   more schwarz langarmshirt,more & more,"[('more   more creme   schwarz   schwarz bleistiftkleid', 86), ('more   more türkis   rot   weiß   weiß kurzarm bluse', 86)]"
13403,da528477-46f3-42ea-aed9-bcf17ae91523,more   more braun skirt midi a linien rock,more & more,"[('more   more braun   braun rock', 95), ('more   more weiß   weiß rock', 86)]"
13436,251ef9bf-7c5b-4d98-a5b4-c37ae61b4afb,more   more mehrfarbig blazer,more & more,"[('more   more creme   schwarz   schwarz bleistiftkleid', 86), ('more   more schwarz   silber   schwarz t shirt', 86)]"
13465,4f1e48b8-8a6b-4d19-a827-da7a7b9a76cd,more   more weiß sleeve t shirt print,more & more,"[('more   more weiß   weiß t shirt', 95), ('more   more weiß   weiß shirt', 95)]"
13502,a58da0cd-5b29-4882-a939-0bd230a44a4e,more   more beige hemdbluse,more & more,"[('more   more creme   schwarz   schwarz bleistiftkleid', 86), ('more   more schwarz   schwarz plisseerock', 86)]"
14263,0855d09b-afaa-43ac-86a5-1be53fc9f325,more   more grau trouser stoffhose,more & more,"[('more   more creme   schwarz   schwarz bleistiftkleid', 86), ('more   more lila   schwarz   wollweiß   schwarz bleistiftrock', 86)]"
14651,2755eac2-07d5-4006-a9ea-74cffe1cb7b0,more   more pink cardigan strickjacke,more & more,"[('more   more pink   pink cardigan', 95), ('more   more pink   pink cardigan', 95)]"
14996,07b6b1f5-b80b-4d90-adb3-2d6b3878460f,more   more mehrfarbig blouse non sleeve bluse,more & more,"[('more   more weiß   weiß rock', 86), ('more   more weiß   weiß bluse', 86)]"
15121,5bf9f33e-1858-4579-a242-0fef001e7868,more   more grau trouser stoffhose,more & more,"[('more   more creme   schwarz   schwarz bleistiftkleid', 86), ('more   more lila   schwarz   wollweiß   schwarz bleistiftrock', 86)]"
15219,5bafa466-ba93-49cd-8986-fe301477e279,more   more grau blazer,more & more,"[('more   more grau   grau blazer', 95), ('more   more grau   grau blazer', 95)]"
15295,cf34c714-cf7f-4abe-b29b-e5857e75ec8c,more   more rot metallic bluse,more & more,"[('more   more rot   rot bluse', 95), ('more   more rot   rot bluse', 95)]"
15839,63aea12b-1388-400b-bc0b-bb9173f580d6,more   more grün bluse,more & more,"[('more   more khaki   grün bluse', 95), ('more   more petrol   grün bluse', 95)]"
15930,7e314832-0af7-406a-8a04-4ad7e200a87b,more   more dunkelrot dress long cocktailkleid festliches kleid,more & more,"[('more   more anthrazit   grau jeansjacke', 86), ('more   more blau   blau shirtjacke', 86)]"
16015,be9bf850-0552-4dc7-8c32-554a298928d1,more   more schwarz sleeve strickpullover,more & more,"[('more   more schwarz   schwarz strickpullover', 95), ('more   more schwarz   schwarz strickpullover', 95)]"
16232,7bfaf9d8-b226-4e0d-b35f-f445e5abd958,more   more blau jacket bomberjacke,more & more,"[('more   more lila   schwarz   wollweiß   schwarz bleistiftrock', 86), ('more   more braun   pink   wollweiß   pink ärmellose bluse', 86)]"
16343,e60bacaa-d27f-4261-9031-5150fde84914,more   more braun dress short freizeitkleid,more & more,"[('more   more weiß   weiß rock', 86), ('more   more weiß   weiß bluse', 86)]"
16639,70a6beb6-c072-4f78-9d12-dce57a0ee0e0,more   more gelb blouse sleeve bluse,more & more,"[('more   more gelb   gelb bluse', 95), ('more   more gelb   gelb bluse', 95)]"
16646,62c6135c-df6f-40c3-ad36-b4851acaba19,more   more schwarz langarmshirt bluse,more & more,"[('more   more schwarz   schwarz bluse', 95), ('more   more schwarz   schwarz bluse', 95)]"
16923,e455c8d3-c2f6-4f52-bac8-5326247cbc82,more   more orange blouse sleeve hemdbluse,more & more,"[('more   more weiß   weiß rock', 86), ('more   more rauchblau   dunkelblau   hellgrau   blau blusenkleid', 86)]"
17381,0010fab2-22a7-4068-a6c1-9f2bbe49cac8,more   more rosa blouse hemdbluse,more & more,"[('more   more creme   schwarz   schwarz bleistiftkleid', 86), ('more   more lila   schwarz   wollweiß   schwarz bleistiftrock', 86)]"
17417,79b3739a-4f6d-4a40-8eb6-598f26c9b2cb,more   more khaki skirt midi a linien rock,more & more,"[('more   more weiß   weiß rock', 86), ('more   more rauchblau   dunkelblau   hellgrau   blau blusenkleid', 86)]"
17554,302a9874-82d5-4c6b-8fb4-7a6e62d0d01e,more   more grau coat klassischer mantel,more & more,"[('more   more grau   grau mantel', 95), ('more   more lila   schwarz   wollweiß   schwarz bleistiftrock', 86)]"
17830,0a6ad07b-4322-4a89-a5de-4621ffd9b881,more   more khaki trouser jumpsuit,more & more,"[('more   more creme   schwarz   schwarz bleistiftkleid', 86), ('more   more lila   schwarz   wollweiß   schwarz bleistiftrock', 86)]"
17966,8361bc43-d5c3-49fd-bc0b-2c0185bf31c3,more   more mehrfarbig zickzack dress freizeitkleid,more & more,"[('more   more blau   blau shirtjacke', 86), ('more   more schwarz   schwarz hose', 86)]"
18268,d6f86ea6-931e-47c1-be7f-40590029be8b,more   more grün dress short freizeitkleid,more & more,"[('more   more weiß   weiß rock', 86), ('more   more rauchblau   dunkelblau   hellgrau   blau blusenkleid', 86)]"
18330,db134c26-960f-42e9-a972-075daa376a08,more   more beige langarmshirt,more & more,"[('more   more creme   schwarz   schwarz bleistiftkleid', 86), ('more   more schwarz   silber   schwarz t shirt', 86)]"
18618,cb4df76b-3956-410f-a480-a96c0cbfd355,more   more grün hemdbluse,more & more,"[('more   more grün   grün hemd bluse', 88), ('more   more grün   grün hemd bluse', 88)]"
18934,876b2824-e489-4caa-8555-186d044ee8d9,more   more orange bluse t shirt basic,more & more,"[('more   more orange   orange shirt', 95), ('more   more orange   orange bluse', 95)]"
19000,281b6245-dc08-4ece-8e3c-ff157a8b03b0,more   more schwarz top bluse,more & more,"[('more   more schwarz   schwarz top', 95), ('more   more schwarz   schwarz bluse', 95)]"
19071,65a3a4d5-6171-4783-95c3-734e7287a42f,more   more hellblau t shirt print bluse,more & more,"[('more   more lila   schwarz   wollweiß   schwarz bleistiftrock', 86), ('more   more weiß   weiß rock', 86)]"
19306,81b3c68a-9be9-4217-8f29-f476252fc7aa,more   more schwarz blouse  bluse,more & more,"[('more   more schwarz   schwarz bluse', 95), ('more   more schwarz   schwarz bluse', 95)]"
19483,f2da940a-2b59-4ecc-8711-ef333c03bee8,more   more blau top,more & more,"[('more   more marine   blau top', 95), ('more   more blau   blau top', 95)]"
20225,d7796302-0d6d-4479-8c0b-634bce70c05c,more   more khaki dress short freizeitkleid,more & more,"[('more   more weiß   weiß rock', 86), ('more   more weiß   weiß bluse', 86)]"
20497,24b347b2-bdab-4e3e-b62c-b00016193b61,more   more offwhite cardigan strickjacke,more & more,"[('more   more weiß   weiß rock', 86), ('more   more rauchblau   dunkelblau   hellgrau   blau blusenkleid', 86)]"
20789,b469e73c-72cd-4648-832f-b78d66bcd26d,more   more blau blouse sleeve hemdbluse,more & more,"[('more   more lila   schwarz   wollweiß   schwarz bleistiftrock', 86), ('more   more weiß   weiß rock', 86)]"
20898,a0f8ecbc-a79c-4882-9382-0c185706d9ee,more   more khaki bluse t shirt basic,more & more,"[('more   more lila   schwarz   wollweiß   schwarz bleistiftrock', 86), ('more   more braun   pink   wollweiß   pink ärmellose bluse', 86)]"
20941,1ff78f64-24c8-40fa-a23f-40a616973a09,more   more offwhite strickpullover,more & more,"[('more   more lila   schwarz   wollweiß   schwarz bleistiftrock', 86), ('more   more braun   pink   wollweiß   pink ärmellose bluse', 86)]"
20990,b9444316-bc68-4ab4-b651-ee7f125d1c2b,more   more offwhite blouse sleeve langarmshirt bluse,more & more,"[('more   more blau   blau shirtjacke', 86), ('more   more schwarz   schwarz hose', 86)]"
21530,e1f837a7-36cf-45df-adeb-4bcd0155f1a5,more   more offwhite blouse non sleeve bluse top,more & more,"[('more   more hummer   orange hose', 86), ('more   more weiß   weiß rock', 86)]"
21625,dff4c60e-02a6-4be9-b9db-5facee07c8b8,more   more flieder strickpullover,more & more,"[('more   more creme   schwarz   schwarz bleistiftkleid', 86), ('more   more lila   schwarz   wollweiß   schwarz bleistiftrock', 86)]"
21711,f1f97eb9-f47b-4d56-babb-1d197ecaf929,more   more mehrfarbig coat klassischer mantel,more & more,"[('more   more weiß   weiß rock', 86), ('more   more weiß   weiß bluse', 86)]"
21986,7178da7d-88bf-4602-81b2-c3fe7373a54c,more   more grün klassischer mantel,more & more,"[('more   more grün   grün mantel', 95), ('more   more creme   schwarz   schwarz bleistiftkleid', 86)]"
22130,23cb996a-8d89-42cb-a1b3-febb58a7176d,more   more dunkelblau t shirt basic bluse,more & more,"[('more   more weiß   weiß rock', 86), ('more   more rauchblau   dunkelblau   hellgrau   blau blusenkleid', 86)]"
22239,acefe921-c149-480d-a464-aa8416c9025b,more   more blau blazer,more & more,"[('more   more azur   blau blazer', 95), ('more   more marine   blau blazer', 95)]"
22391,5d881f2a-4aaf-4193-9e6a-8d0c6a08398f,more   more pink trouser stoffhose,more & more,"[('more   more pink   pink stoffhose', 95), ('more   more creme   schwarz   schwarz bleistiftkleid', 86)]"
22687,4492181b-ed84-4bdb-8dff-38aad54286c0,more   more blau hemdbluse,more & more,"[('more   more blau   blau hemd bluse', 87), ('more   more blau   blau hemd bluse', 87)]"
22740,4f56f00c-3021-4303-9e83-a6b3e6fde921,more   more dunkelblau blazer,more & more,"[('more   more dunkelblau   blau blazer', 95), ('more   more dunkelblau   blau kurz blazer', 95)]"
23555,c879d7ed-4547-40e9-bfb3-cc26c9f30f18,more   more schwarz skirt a linien rock,more & more,"[('more   more schwarz   schwarz rock', 95), ('more   more schwarz   schwarz rock', 95)]"
23581,f625f8f9-11d3-4b06-953b-45b4026d4bb6,more   more beige bluse t shirt print,more & more,"[('more   more lila   schwarz   wollweiß   schwarz bleistiftrock', 86), ('more   more braun   pink   wollweiß   pink ärmellose bluse', 86)]"
24047,40b996c0-0899-4f9c-9276-83208981428d,more   more offwhite cardigan strickjacke,more & more,"[('more   more weiß   weiß rock', 86), ('more   more rauchblau   dunkelblau   hellgrau   blau blusenkleid', 86)]"
24625,fb0aeb1e-9f6a-4e7f-a7fa-10a44ef9b866,more   more grau trouser stoffhose,more & more,"[('more   more creme   schwarz   schwarz bleistiftkleid', 86), ('more   more lila   schwarz   wollweiß   schwarz bleistiftrock', 86)]"
25295,64253226-6b38-459e-8e21-198b06c233b0,more   more rot cardigan strickjacke,more & more,"[('more   more rot   rot cardigan', 95), ('more   more rot   rot cardigan', 95)]"
25495,7a454958-bb73-48e6-801d-15c83a65ceb0,more   more grün langarmshirt,more & more,"[('more   more creme   schwarz   schwarz bleistiftkleid', 86), ('more   more schwarz   silber   schwarz t shirt', 86)]"
25593,71bd7e8b-9481-48df-abc4-e704229632c4,more   more blue denim jacket jeansjacke,more & more,"[('more   more blue denim   blau jeansjacke', 88), ('more   more lila   schwarz   wollweiß   schwarz bleistiftrock', 86)]"
26142,1c3a97f2-04dd-4cfa-89c3-f23351fb1784,more   more dunkelblau jeansrock,more & more,"[('more   more dunkelblau   blau jeansrock', 95), ('more   more creme   schwarz   schwarz bleistiftkleid', 86)]"
26257,a32abb13-f78e-41a0-9551-20fcb43cc503,more   more grau trouser chino,more & more,"[('more   more creme   schwarz   schwarz bleistiftkleid', 86), ('more   more schwarz   silber   schwarz t shirt', 86)]"
26401,05d1da79-8fc2-4542-b1fa-9951f2d9cc41,more   more schwarz blazer,more & more,"[('more   more schwarz   schwarz blazer', 95), ('more   more schwarz   schwarz blazer', 95)]"
26668,24ec6044-d60f-4103-8c67-7cde2040d158,more   more mehrfarbig a linien rock maxirock,more & more,"[('more   more weiß   weiß rock', 86), ('more   more weiß   weiß bluse', 86)]"
26689,1815e322-925d-4e7f-9792-8cefe8be62b2,more   more offwhite strickpullover,more & more,"[('more   more lila   schwarz   wollweiß   schwarz bleistiftrock', 86), ('more   more braun   pink   wollweiß   pink ärmellose bluse', 86)]"
26984,d90096f8-3781-4bb9-a0b3-f4c44c197ed5,more   more blau patched  langarmshirt bluse,more & more,"[('more   more weiß   weiß rock', 86), ('more   more weiß   weiß bluse', 86)]"
27335,d60af1fc-37de-4ae5-bacb-f10d27649278,more   more orange strickpullover,more & more,"[('more   more creme   schwarz   schwarz bleistiftkleid', 86), ('more   more lila   schwarz   wollweiß   schwarz bleistiftrock', 86)]"
27439,d0dbf7b7-800e-47b6-bd6f-932f6cc5273f,more   more rosa t shirt basic,more & more,"[('more   more creme   schwarz   schwarz bleistiftkleid', 86), ('more   more schwarz   silber   schwarz t shirt', 86)]"
28069,bc9fbc2c-6e1b-43f7-87db-f5f49b91db73,more   more weiß blouse langarmshirt bluse,more & more,"[('more   more weiß   weiß rock', 86), ('more   more rauchblau   dunkelblau   hellgrau   blau blusenkleid', 86)]"
28484,ad389235-ccfc-48a4-a7e5-42354757b875,more   more dunkelblau t shirt basic,more & more,"[('more   more lila   schwarz   wollweiß   schwarz bleistiftrock', 86), ('more   more braun   pink   wollweiß   pink ärmellose bluse', 86)]"
28755,d2c15e27-7a24-4744-bf3b-347c0552dac9,more   more offwhite non sleeve bluse top,more & more,"[('more   more weiß   weiß rock', 86), ('more   more rauchblau   dunkelblau   hellgrau   blau blusenkleid', 86)]"
29109,16225d02-5daf-41c8-adf3-b310f4778899,more   more dunkelblau top,more & more,"[('more   more creme   schwarz   schwarz bleistiftkleid', 86), ('more   more anthrazit   grau jeansjacke', 86)]"
29115,4bad9e3a-5558-4bd2-809d-d244bbd1c470,more   more schwarz dress short freizeitkleid,more & more,"[('more   more weiß   weiß rock', 86), ('more   more weiß   weiß bluse', 86)]"
29366,761e7655-d533-4e25-849d-7168e5928a0c,more   more offwhite kapuzenpullover sweatshirt,more & more,"[('more   more weiß   weiß rock', 86), ('more   more weiß   weiß bluse', 86)]"
29452,298bd3a3-0098-4d8d-9170-47873d7017d2,more   more tan trouser stoffhose,more & more,"[('more   more creme   schwarz   schwarz bleistiftkleid', 86), ('more   more lila   schwarz   wollweiß   schwarz bleistiftrock', 86)]"
29825,a4f0b654-fd1e-4617-9433-beb104e09d10,more   more khaki blazer,more & more,"[('more   more khaki   grün kurz blazer', 95), ('more   more khaki   grün kurz blazer', 95)]"
29913,8c25985b-fc2d-40bb-898b-4b82d0c29441,more   more hellblau strickpullover,more & more,"[('more   more hellgrau   grau strickpullover', 86), ('more   more lila   schwarz   wollweiß   schwarz bleistiftrock', 86)]"
30127,4e095251-2832-4c0f-aacd-197f987a4249,more   more dunkelblau trouser stoffhose,more & more,"[('more   more lila   schwarz   wollweiß   schwarz bleistiftrock', 86), ('more   more weiß   weiß rock', 86)]"
30577,746fa42a-ecf0-4aba-8a99-9a43e49f3b37,more   more dunkelbraun skirt midi a linien rock,more & more,"[('more   more hummer   orange hose', 86), ('more   more weiß   weiß rock', 86)]"
30894,47342e53-20eb-4167-853a-d3dd7b28cae3,more   more mehrfarbig blouse sleeve bluse,more & more,"[('more   more weiß   weiß rock', 86), ('more   more rauchblau   dunkelblau   hellgrau   blau blusenkleid', 86)]"
30895,6157f227-e5cf-44a6-b89a-bdb1f1073c4f,more   more rot metallic skirt midi a linien rock,more & more,"[('more   more hummer   orange hose', 86), ('more   more weiß   weiß rock', 86)]"
31568,6cfb94f0-df6b-4b72-b220-11d4b06add79,more   more dunkelblau patched bluse langarmshirt,more & more,"[('more   more hummer   orange hose', 86), ('more   more weiß   weiß rock', 86)]"
31786,697bacd5-d5b8-4fa0-9550-3c22b89305fa,more   more schwarz dress interlock freizeitkleid,more & more,"[('more   more hummer   orange hose', 86), ('more   more weiß   weiß rock', 86)]"
32343,241c7ec6-5be0-4bc0-a343-e76e577d24fd,more   more khaki blouse 1 2 sleeve bluse,more & more,"[('more   more weiß   weiß rock', 86), ('more   more rauchblau   dunkelblau   hellgrau   blau blusenkleid', 86)]"
32376,4ac4ddb0-e740-4dd4-b374-bee62fe0cd0e,more   more rosa sweatshirt,more & more,"[('more   more rosa   weiß   pink sweatshirt', 95), ('more   more creme   schwarz   schwarz bleistiftkleid', 86)]"
32756,2ab07dcb-9b36-4c94-9245-b3d47817b5df,more   more flieder hemdbluse,more & more,"[('more   more creme   schwarz   schwarz bleistiftkleid', 86), ('more   more schwarz   silber   schwarz t shirt', 86)]"
32827,0ae35177-8e6a-4058-89a2-c0e4a0e65215,more   more mehrfarbig dress short jerseykleid,more & more,"[('more   more weiß   weiß rock', 86), ('more   more weiß   weiß bluse', 86)]"
32869,f10d2828-b047-4706-bef2-96dd04963f33,more   more gelb top,more & more,"[('more   more creme   schwarz   schwarz bleistiftkleid', 86), ('more   more anthrazit   grau jeansjacke', 86)]"
33444,5cd32c62-c56d-414d-bbbd-20bc707207e0,more   more hellgrün blazer,more & more,"[('more   more creme   schwarz   schwarz bleistiftkleid', 86), ('more   more anthrazit   grau jeansjacke', 86)]"
33464,8ff69233-f357-4c3d-b013-309e3033e963,more   more dunkelblau business top bluse,more & more,"[('more   more weiß   weiß rock', 86), ('more   more rauchblau   dunkelblau   hellgrau   blau blusenkleid', 86)]"
33528,bb432f6a-6e5f-4fc6-969d-ecbe79b0594b,more   more khaki skirt midi a linien rock,more & more,"[('more   more weiß   weiß rock', 86), ('more   more rauchblau   dunkelblau   hellgrau   blau blusenkleid', 86)]"
33566,7b8af1b1-f4e9-41b7-974d-ac3c6f362a23,more   more rosa bluse t shirt basic,more & more,"[('more   more lila   schwarz   wollweiß   schwarz bleistiftrock', 86), ('more   more braun   pink   wollweiß   pink ärmellose bluse', 86)]"
33582,d2b50eac-dad2-48a0-9950-cc3de887c4b1,more   more weiß jacket jeansjacke,more & more,"[('more   more creme   schwarz   schwarz bleistiftkleid', 86), ('more   more lila   schwarz   wollweiß   schwarz bleistiftrock', 86)]"
34018,ea05b9aa-2193-481d-bc29-78cf281a71ed,more   more braun stoffhose,more & more,"[('more   more braun   braun stoffhose', 95), ('more   more braun   braun stoffhose', 95)]"
34042,77a3508b-ca0c-4d4f-8053-b2040fa69ecf,more   more weiß hemdbluse,more & more,"[('more   more weiß   weiß hemd bluse', 88), ('more   more weiß   weiß hemd bluse', 88)]"
34148,2a8d5488-d8df-4c29-8fbb-ca8c7ec0ab9e,more   more blau dress short jeanskleid,more & more,"[('more   more lila   schwarz   wollweiß   schwarz bleistiftrock', 86), ('more   more weiß   weiß rock', 86)]"
34151,f8886589-9b55-4935-8fbc-e601787e1544,more   more khaki patched bluse langarmshirt,more & more,"[('more   more weiß   weiß rock', 86), ('more   more weiß   weiß bluse', 86)]"
34169,c1d98dcb-ae2d-4741-9662-3fe7a8ef696c,more   more hellgrün boat neck batwing strickpullover,more & more,"[('more   more blau   blau shirtjacke', 86), ('more   more schwarz   schwarz hose', 86)]"
34190,07c6bcdf-299a-4cd2-9722-6524326e1815,more   more offwhite t shirt basic bluse,more & more,"[('more   more lila   schwarz   wollweiß   schwarz bleistiftrock', 86), ('more   more weiß   weiß rock', 86)]"
34554,4ead1848-f325-4b5d-9aff-2ca80d745d37,more   more mint patched  langarmshirt bluse,more & more,"[('more   more weiß   weiß rock', 86), ('more   more weiß   weiß bluse', 86)]"
34788,ec1aa9de-925d-48a8-b7dd-536047d5b7e4,more   more braun coat trenchcoat,more & more,"[('more   more braun   braun trenchcoat', 95), ('more   more creme   schwarz   schwarz bleistiftkleid', 86)]"
34929,6d00e87e-ae4d-4d4b-8da3-f606c306e901,more   more mehrfarbig skirt short bleistiftrock,more & more,"[('more   more hummer   orange hose', 86), ('more   more weiß   weiß rock', 86)]"
35202,5e82fa9b-f6da-47fc-955e-556fab0b6324,more   more schwarz jumpsuit,more & more,"[('more   more creme   schwarz   schwarz bleistiftkleid', 86), ('more   more schwarz   silber   schwarz t shirt', 86)]"
35551,70d1ad68-a4b2-4858-99be-98909ba51347,more   more schwarz strickpullover,more & more,"[('more   more schwarz   schwarz strickpullover', 95), ('more   more schwarz   schwarz strickpullover', 95)]"
35613,8ad71f04-fa0f-4b52-b1af-423ead2f8171,more   more grün blouse hemdbluse,more & more,"[('more   more creme   schwarz   schwarz bleistiftkleid', 86), ('more   more türkis   rot   weiß   weiß kurzarm bluse', 86)]"
35811,63a81e3d-78a2-4b51-9b9f-34fb603d3491,more   more dunkelblau printed blouse langarmshirt bluse,more & more,"[('more   more blau   blau shirtjacke', 86), ('more   more schwarz   schwarz hose', 86)]"
35861,7b018f73-507a-4983-8a24-1b46b1e29868,more   more blau non sleeve bluse t shirt basic,more & more,"[('more   more weiß   weiß rock', 86), ('more   more weiß   weiß bluse', 86)]"
37225,fd949386-7bfc-44e9-b0c2-5c710cfbfe38,more   more mehrfarbig skirt  a linien rock,more & more,"[('more   more weiß   weiß rock', 86), ('more   more weiß   weiß bluse', 86)]"
37448,849890f1-7ffd-4f56-afe7-f9db24cb0f22,more   more blue denim dress  jeanskleid,more & more,"[('more   more lila   schwarz   wollweiß   schwarz bleistiftrock', 86), ('more   more weiß   weiß rock', 86)]"
38214,165209a7-a096-407b-b68d-ac0187bf5edf,more   more dunkelblau hedy stoffhose,more & more,"[('more   more dunkelblau   blau stoffhose', 87), ('more   more dunkelblau   blau stoffhose', 87)]"
38523,a71fdba9-fdec-45d3-87a4-658d36fb6bee,more   more mehrfarbig strickpullover,more & more,"[('more   more lila   schwarz   wollweiß   schwarz bleistiftrock', 86), ('more   more braun   pink   wollweiß   pink ärmellose bluse', 86)]"
38607,062b8102-9e0b-463b-8539-273de115b9e4,more   more weiß balloon langarmshirt,more & more,"[('more   more lila   schwarz   wollweiß   schwarz bleistiftrock', 86), ('more   more braun   pink   wollweiß   pink ärmellose bluse', 86)]"
38800,f2d3ea3d-1fc0-4143-a842-77ed34c8a3fe,more   more dunkelblau freizeitkleid,more & more,"[('more   more lila   schwarz   wollweiß   schwarz bleistiftrock', 86), ('more   more braun   pink   wollweiß   pink ärmellose bluse', 86)]"
39386,1655a58a-0630-4c7d-b2e1-ddfe29d2d06b,more   more braun cardigan strickjacke,more & more,"[('more   more braun   braun cardigan', 95), ('more   more braun   braun cardigan', 95)]"
39764,7e1a3d77-d2d0-46e1-b7a1-f01d9d6392b6,more   more rot blouse 1 2 sleeve bluse,more & more,"[('more   more rot   rot bluse', 95), ('more   more rot   rot bluse', 95)]"
39962,2cbc34f7-3acc-4377-80bd-b6b5d5d362d6,more   more hellblau 1 1 sleeve strickpullover,more & more,"[('more   more weiß   weiß rock', 86), ('more   more weiß   weiß bluse', 86)]"
40188,330f29a6-ea9c-404a-a1a8-08ee02ad9431,more   more schwarz blouse 1 1 sleeve langarmshirt bluse,more & more,"[('more   more blau   blau shirtjacke', 86), ('more   more schwarz   schwarz hose', 86)]"
40231,afff7124-7eef-45c2-b344-ae4e79cf7e19,more   more dunkelblau blazer,more & more,"[('more   more dunkelblau   blau blazer', 95), ('more   more dunkelblau   blau kurz blazer', 95)]"
40423,b57e3da0-8bfd-4a83-8927-c1cf56a80316,more   more hellblau dress short freizeitkleid,more & more,"[('more   more weiß   weiß rock', 86), ('more   more weiß   weiß bluse', 86)]"
40569,99f4053d-2a42-47d7-92e0-54e6b1b76437,more   more weiß t shirt print,more & more,"[('more   more weiß   weiß t shirt', 95), ('more   more weiß   weiß shirt', 95)]"
40693,edb3d694-94bd-406d-9d42-f7b0ea51b1c1,more   more schwarz strickpullover,more & more,"[('more   more schwarz   schwarz strickpullover', 95), ('more   more schwarz   schwarz strickpullover', 95)]"
40844,8ed4af78-834a-4e3e-92f4-435e9940b0e4,more   more schwarz dolmansleeve  strickpullover,more & more,"[('more   more schwarz   schwarz strickpullover', 95), ('more   more schwarz   schwarz strickpullover', 95)]"
41112,36b6d355-0a2d-40be-bc06-6f3e03d14a66,more   more grün weste,more & more,"[('more   more apfel   grün weste', 95), ('more   more creme   schwarz   schwarz bleistiftkleid', 86)]"
41505,8d789620-1a45-455c-a952-b7f52a4f35a9,more   more grau trouser stoffhose,more & more,"[('more   more creme   schwarz   schwarz bleistiftkleid', 86), ('more   more lila   schwarz   wollweiß   schwarz bleistiftrock', 86)]"
41686,2b7d6a5d-e94b-4b5c-97bb-14791a6ddce5,more   more rot metallic bluse,more & more,"[('more   more rot   rot bluse', 95), ('more   more rot   rot bluse', 95)]"
41841,48453668-5378-477d-afe1-0d6682c84f9d,more   more khaki bluse,more & more,"[('more   more khaki   grün bluse', 95), ('more   more khaki   grün bluse', 95)]"
41845,d13658bd-07d0-4905-bb1a-599e05d69709,more   more rot dress short freizeitkleid,more & more,"[('more   more weiß   weiß rock', 86), ('more   more rauchblau   dunkelblau   hellgrau   blau blusenkleid', 86)]"
42291,f02bb669-58ba-4651-9bb2-a29653443c59,more   more beige t shirt basic,more & more,"[('more   more creme   schwarz   schwarz bleistiftkleid', 86), ('more   more türkis   rot   weiß   weiß kurzarm bluse', 86)]"
42558,00911f91-8f7d-4a76-88b3-0b2a4022f0d3,more   more beige sleeve strickpullover,more & more,"[('more   more lila   schwarz   wollweiß   schwarz bleistiftrock', 86), ('more   more weiß   weiß rock', 86)]"
43100,a61cb2cf-40da-438b-8b39-1714bf8b7442,more   more blue denim hazel jeans slim fit,more & more,"[('more   more weiß   weiß rock', 86), ('more   more weiß   weiß bluse', 86)]"
43206,ca452992-d308-4ead-a282-f2b0f8b8a400,more   more schwarz sweatshirt,more & more,"[('more   more schwarz   schwarz t shirt', 87), ('more   more schwarz   schwarz t shirt', 87)]"
43880,534cea42-c5a7-4b66-8894-84ede3405933,more   more offwhite t shirt print,more & more,"[('more   more creme   schwarz   schwarz bleistiftkleid', 86), ('more   more lila   schwarz   wollweiß   schwarz bleistiftrock', 86)]"
43948,c48b4731-3081-461e-9fa9-7ebc8cbc3f6b,more   more blau trouser cargohose,more & more,"[('more   more creme   schwarz   schwarz bleistiftkleid', 86), ('more   more lila   schwarz   wollweiß   schwarz bleistiftrock', 86)]"
44337,25fb0819-415e-4d0e-bfa9-b3f8307b1b08,more   more rot langarmshirt,more & more,"[('more   more creme   schwarz   schwarz bleistiftkleid', 86), ('more   more schwarz   silber   schwarz t shirt', 86)]"
44557,82599617-cc28-4b2e-8b6f-94ab6a9c6a6b,more   more dunkelblau organic slim pants stoffhose,more & more,"[('more   more blau   blau shirtjacke', 86), ('more   more schwarz   schwarz hose', 86)]"
44748,a85683eb-57ee-44a9-825e-496010b088b3,more   more orange strickpullover,more & more,"[('more   more creme   schwarz   schwarz bleistiftkleid', 86), ('more   more lila   schwarz   wollweiß   schwarz bleistiftrock', 86)]"
44949,d87a413b-6a0f-47b0-a4b9-a1e61dda76a0,more   more schwarz bluse top,more & more,"[('more   more schwarz   schwarz top', 95), ('more   more schwarz   schwarz bluse', 95)]"
45095,88d95c81-0953-40b6-816f-b93612f7cda8,more   more orange dolmansleeve strickpullover,more & more,"[('more   more weiß   weiß rock', 86), ('more   more weiß   weiß bluse', 86)]"
45180,f46b3065-b5e7-4847-9b82-a1af62c001bb,more   more schwarz trouser leggings   hosen,more & more,"[('more   more weiß   weiß rock', 86), ('more   more weiß   weiß bluse', 86)]"
45302,0d6fc668-7618-4ed4-8167-22a6ed7b7c7b,more   more pink strickpullover,more & more,"[('more   more pink   pink strickpullover', 95), ('more   more creme   schwarz   schwarz bleistiftkleid', 86)]"
45383,080bdfb4-8195-4150-a863-4fa20f1cea71,more   more dunkelblau printed blouse bluse langarmshirt,more & more,"[('more   more blau   blau shirtjacke', 86), ('more   more schwarz   schwarz hose', 86)]"
45500,6a0a09c9-b7c0-4cba-bd70-fca6e599afb7,more   more schwarz blouse bluse,more & more,"[('more   more schwarz   schwarz bluse', 95), ('more   more schwarz   schwarz bluse', 95)]"
45667,087bb65e-9ddc-4042-a63f-eb26bdd895b8,more   more blau blazer,more & more,"[('more   more azur   blau blazer', 95), ('more   more marine   blau blazer', 95)]"
45802,8c260037-2803-4490-b152-b0f694213783,more   more schwarz dress  etuikleid,more & more,"[('more   more schwarz   schwarz etuikleid', 95), ('more   more schwarz   schwarz etuikleid', 95)]"
45940,6e4fb800-775d-4134-b45c-6e8e9d90847a,more   more mehrfarbig trouser stoffhose,more & more,"[('more   more lila   schwarz   wollweiß   schwarz bleistiftrock', 86), ('more   more weiß   weiß rock', 86)]"
46136,9f59a8ae-6ce4-4680-af2a-749bac6bc3c4,more   more mehrfarbig dress long maxikleid,more & more,"[('more   more weiß   weiß rock', 86), ('more   more weiß   weiß bluse', 86)]"
46986,bf3c0737-00a8-4353-a894-f947d9fdc542,more   more dunkelblau patched bluse,more & more,"[('more   more lila   schwarz   wollweiß   schwarz bleistiftrock', 86), ('more   more braun   pink   wollweiß   pink ärmellose bluse', 86)]"
47289,045049d7-0e50-48d1-bc50-c5ed6085b190,more   more grau strickpullover,more & more,"[('more   more hellgrau   grau strickpullover', 95), ('more   more hellgrau   grau strickpullover', 95)]"
47367,134a7ba1-dc10-4340-866a-c79c6a596453,more   more dunkelrot dress freizeitkleid,more & more,"[('more   more weiß   weiß rock', 86), ('more   more rauchblau   dunkelblau   hellgrau   blau blusenkleid', 86)]"
47963,e4220d0b-3651-435a-a66d-73788d5fb801,more   more khaki trouser stoffhose,more & more,"[('more   more lila   schwarz   wollweiß   schwarz bleistiftrock', 86), ('more   more braun   pink   wollweiß   pink ärmellose bluse', 86)]"
48506,64345245-f8b0-4296-ab19-2a6d5d109729,more   more mehrfarbig blouse sleeve bluse langarmshirt,more & more,"[('more   more blau   blau shirtjacke', 86), ('more   more schwarz   schwarz hose', 86)]"
48660,d3ad2e5d-0922-4be1-abb1-ef94c9b2bb9b,more   more mehrfarbig scarf bluse,more & more,"[('more   more creme   schwarz   schwarz bleistiftkleid', 86), ('more   more lila   schwarz   wollweiß   schwarz bleistiftrock', 86)]"
48678,566cbc6c-d085-4392-9434-d7ad78edaa66,more   more schwarz coat long trenchcoat,more & more,"[('more   more schwarz   schwarz trenchcoat', 95), ('more   more lila   schwarz   wollweiß   schwarz bleistiftrock', 86)]"
49315,eb7f9e7a-d506-4663-9bd1-3bbc68e7c01b,more   more dunkelblau langarmshirt bluse,more & more,"[('more   more weiß   weiß rock', 86), ('more   more rauchblau   dunkelblau   hellgrau   blau blusenkleid', 86)]"
49958,2d0f2e81-28c0-4204-84ea-7e9b92ee9777,more   more mehrfarbig bluse t shirt print,more & more,"[('more   more weiß   weiß rock', 86), ('more   more rauchblau   dunkelblau   hellgrau   blau blusenkleid', 86)]"
50144,b320a529-00db-4848-b387-245c7bb9a04b,more   more pink bluse t shirt basic,more & more,"[('more   more pink   pink t shirt', 95), ('more   more pink   pink bluse', 95)]"
50463,9a8bc08c-4ed3-4f5f-a7cc-b8f8cf45ca77,more   more hellblau trouser stoffhose,more & more,"[('more   more lila   schwarz   wollweiß   schwarz bleistiftrock', 86), ('more   more rauchblau   dunkelblau   hellgrau   blau blusenkleid', 86)]"
50641,457d7891-0334-42e5-bbb2-f0b9463a9e78,more   more grau blazer,more & more,"[('more   more grau   grau blazer', 95), ('more   more grau   grau blazer', 95)]"
50794,590810df-401c-430b-bfd6-0db2aefd851a,more   more dunkelblau strickpullover,more & more,"[('more   more lila   schwarz   wollweiß   schwarz bleistiftrock', 86), ('more   more braun   pink   wollweiß   pink ärmellose bluse', 86)]"
51138,270c9569-71a0-486b-8f5f-53411921886c,more   more grau bluse t shirt basic,more & more,"[('more   more grau   grau bluse', 95), ('more   more grau   grau bluse', 95)]"
51152,695b9e07-bea3-4787-96f2-247ba1ac773e,more   more dunkelblau striped shirt langarmshirt,more & more,"[('more   more hummer   orange hose', 86), ('more   more weiß   weiß rock', 86)]"
51390,aab22cc6-3ee9-4dce-931c-c80fe8024f71,more   more offwhite blouse sleeve bluse langarmshirt,more & more,"[('more   more blau   blau shirtjacke', 86), ('more   more schwarz   schwarz hose', 86)]"
51403,fe2fe009-04fa-4c08-9a71-de3d52a7cfb3,more   more blau cardigan strickjacke,more & more,"[('more   more blau   blau cardigan', 95), ('more   more lila   schwarz   wollweiß   schwarz bleistiftrock', 86)]"
51729,18a1fa23-19ea-44b2-ab98-9bb3e9161e88,more   more grau skirt minirock,more & more,"[('more   more grau   grau minirock', 95), ('more   more creme   schwarz   schwarz bleistiftkleid', 86)]"
52018,6bf3d186-f8e8-4447-b033-15207bc02c78,more   more braun strickpullover,more & more,"[('more   more braun   braun strickpullover', 95), ('more   more braun   braun strickpullover', 95)]"
52118,28df2e92-fb1c-4e12-b8b4-c227bdae5ae3,more   more grau patched bluse langarmshirt,more & more,"[('more   more grau   grau bluse', 95), ('more   more grau   grau bluse', 95)]"
52204,58944d67-a187-489f-a7bf-3620d0175832,more   more hellblau hemdbluse,more & more,"[('more   more creme   schwarz   schwarz bleistiftkleid', 86), ('more   more schwarz   silber   schwarz t shirt', 86)]"
52266,f56ffb72-c462-49a2-a25a-d166040f0553,more   more offwhite blouse shirt with crepe front bluse,more & more,"[('more   more blau   blau shirtjacke', 86), ('more   more schwarz   schwarz hose', 86)]"
52788,a26165fd-8dc4-48ce-82dd-8defc6cba565,more   more schwarz sleeve langarmshirt t shirt print,more & more,"[('more   more schwarz   schwarz t shirt', 95), ('more   more schwarz   schwarz t shirt', 95)]"
53189,7cacf365-362a-4ede-adab-0bb677e4bebd,more   more blau boat neck pleat  strickpullover,more & more,"[('more   more hummer   orange hose', 86), ('more   more weiß   weiß rock', 86)]"
53417,45a2d88e-35e0-43cb-beda-8ca28101ae51,more   more mehrfarbig blouse sleeve bluse,more & more,"[('more   more weiß   weiß rock', 86), ('more   more rauchblau   dunkelblau   hellgrau   blau blusenkleid', 86)]"
53698,e377a4b5-c6bb-447c-a165-8e017badeef6,more   more mehrfarbig freizeitkleid,more & more,"[('more   more lila   schwarz   wollweiß   schwarz bleistiftrock', 86), ('more   more braun   pink   wollweiß   pink ärmellose bluse', 86)]"
53805,b330a72a-202e-48c6-bc5d-f58e7b4484c1,more   more gelb skirt midi a linien rock,more & more,"[('more   more weiß   weiß rock', 86), ('more   more rauchblau   dunkelblau   hellgrau   blau blusenkleid', 86)]"
54243,2f056898-8a3a-4f5c-838b-9261a1597f78,more   more schwarz cardigan strickjacke,more & more,"[('more   more schwarz   schwarz strickjacke', 95), ('more   more schwarz   schwarz cardigan', 95)]"
54365,9b20e0f0-6257-4c63-98d0-a18f80bc9247,more   more pink sleeve strickpullover,more & more,"[('more   more pink   pink strickpullover', 95), ('more   more lila   schwarz   wollweiß   schwarz bleistiftrock', 86)]"
54742,969f61df-e789-4ae6-a7c4-258d392b48f9,more   more schwarz trouser leisure wear cargohose stoffhose,more & more,"[('more   more schwarz   weiß   weiß stoffhose', 87), ('more   more schwarz   weiß   schwarz stoffhose', 87)]"
55610,11311aae-0ed8-4b67-aff2-992369633256,more   more schwarz strickpullover,more & more,"[('more   more schwarz   schwarz strickpullover', 95), ('more   more schwarz   schwarz strickpullover', 95)]"
55855,0fe250f1-455c-42dd-81b6-fd974c03233d,more   more hellblau langarmshirt bluse,more & more,"[('more   more lila   schwarz   wollweiß   schwarz bleistiftrock', 86), ('more   more weiß   weiß rock', 86)]"
56271,7cde7d72-d8ab-4f7f-b895-1afe2b554c72,more   more braun t shirt print,more & more,"[('more   more braun   braun t shirt', 95), ('more   more braun   braun t shirt', 95)]"
56538,73b8c16b-e4e2-41a9-b135-8d09ca9e9ecc,more   more dunkelrot blouse non sleeve bluse top,more & more,"[('more   more hummer   orange hose', 86), ('more   more weiß   weiß rock', 86)]"
56592,e72efb51-67a5-46a7-abc6-ec744ec8e746,more   more offwhite strickpullover,more & more,"[('more   more lila   schwarz   wollweiß   schwarz bleistiftrock', 86), ('more   more braun   pink   wollweiß   pink ärmellose bluse', 86)]"
56673,9f63b936-c1f8-4076-bf14-eaa0257e8469,more   more weiß business top bluse,more & more,"[('more   more weiß   weiß bluse', 95), ('more   more weiß   weiß bluse', 95)]"
56720,6b6f4c24-d20f-4d34-afd9-9cddbbe5761e,more   more pink langarmshirt,more & more,"[('more   more creme   schwarz   schwarz bleistiftkleid', 86), ('more   more schwarz   silber   schwarz t shirt', 86)]"
56850,beec384b-a151-4377-9e6b-10bd75bff457,more   more mehrfarbig skirt midi a linien rock,more & more,"[('more   more weiß   weiß rock', 86), ('more   more weiß   weiß bluse', 86)]"
56995,90c21e08-55ec-476e-81dc-0c85c758f19a,more   more dunkelblau big collar trenchcoat,more & more,"[('more   more weiß   weiß rock', 86), ('more   more weiß   weiß bluse', 86)]"
57109,90b2ab46-5013-4079-8838-577ee7e7ffea,more   more mehrfarbig dress interlock freizeitkleid,more & more,"[('more   more blau   blau shirtjacke', 86), ('more   more schwarz   schwarz hose', 86)]"
57671,05b5e701-456a-49dc-9d5b-13c1b57e8932,more   more grün bluse t shirt basic,more & more,"[('more   more grün   grün shirt', 95), ('more   more grün   grün bluse', 95)]"
57774,776cf40a-dada-4d0e-aeab-ccdfbd1dc774,more   more dunkelblau strickpullover,more & more,"[('more   more lila   schwarz   wollweiß   schwarz bleistiftrock', 86), ('more   more braun   pink   wollweiß   pink ärmellose bluse', 86)]"
58131,ec05e7cc-e370-4c29-929c-12e0a5285f21,more   more schwarz t shirt basic,more & more,"[('more   more schwarz   schwarz t shirt', 95), ('more   more schwarz   schwarz t shirt', 95)]"
58157,6216f784-9ec1-4846-a176-ec6723a41cbf,more   more weiß langarmshirt,more & more,"[('more   more creme   schwarz   schwarz bleistiftkleid', 86), ('more   more schwarz   silber   schwarz t shirt', 86)]"
58375,016b85c6-6d58-41ea-87f8-e56fd9cbffb4,more   more schwarz langarmshirt,more & more,"[('more   more creme   schwarz   schwarz bleistiftkleid', 86), ('more   more türkis   rot   weiß   weiß kurzarm bluse', 86)]"
58646,552243dd-17b2-4142-9b34-cf2f5163c1b8,more   more dunkelblau 1 1 sleeve strickpullover,more & more,"[('more   more hummer   orange hose', 86), ('more   more weiß   weiß rock', 86)]"
58816,e484f59c-cabd-4b1f-aa11-d82e91897052,more   more weiß t shirt basic bluse,more & more,"[('more   more weiß   weiß bluse', 95), ('more   more weiß   weiß bluse', 95)]"
59015,8bc39422-1fab-4a43-8612-0581396bdbf8,more   more grau t shirt print,more & more,"[('more   more grau   grau shirt', 95), ('more   more grau   grau shirt', 95)]"
59301,e9d5ea4a-cb16-4db2-9d90-a248b533f3b1,more   more mehrfarbig blouse bluse,more & more,"[('more   more lila   schwarz   wollweiß   schwarz bleistiftrock', 86), ('more   more braun   pink   wollweiß   pink ärmellose bluse', 86)]"
59343,924b22ae-b654-4b7a-be06-0b049a7536cc,more   more mehrfarbig skirt short a linien rock,more & more,"[('more   more hummer   orange hose', 86), ('more   more weiß   weiß rock', 86)]"
59600,7a87f766-0f31-460b-9a62-bb4793477300,more   more grau stoffhose,more & more,"[('more   more hellgrau   grau stoffhose', 95), ('more   more hellgrau   grau stoffhose', 95)]"
60172,32563722-0610-4680-94f8-5ac3860815d1,more   more rot bluse,more & more,"[('more   more rot   rot bluse', 95), ('more   more rosa   rot bluse', 95)]"
60483,f97dacd7-dc41-4e0e-ae97-dbdf089850f0,more   more grau langarmshirt,more & more,"[('more   more creme   schwarz   schwarz bleistiftkleid', 86), ('more   more schwarz   silber   schwarz t shirt', 86)]"
60997,361e2f0f-ef9e-4763-9c7a-c4f0d8915015,more   more beige dress short freizeitkleid,more & more,"[('more   more weiß   weiß rock', 86), ('more   more weiß   weiß bluse', 86)]"
61200,636d1040-462d-4846-bb6d-8f2b57dfee1f,more   more hellblau bluse,more & more,"[('more   more hellblau   blau bluse', 95), ('more   more hellblau   blau bluse', 95)]"
61476,2e6ce914-5223-4064-92ab-c59d97c2a423,more   more oliv etuikleid,more & more,"[('more   more creme   schwarz   schwarz bleistiftkleid', 86), ('more   more anthrazit   grau jeansjacke', 86)]"
62107,0272b975-f232-465a-87c1-36b4298cdb13,more   more dunkelblau bluse,more & more,"[('more   more creme   schwarz   schwarz bleistiftkleid', 86), ('more   more schwarz   silber   schwarz t shirt', 86)]"
62242,26eea5e8-ef20-4c54-a7c8-36828e222f13,more   more blau bluse,more & more,"[('more   more marine   blau bluse', 95), ('more   more marine   blau bluse', 95)]"
62279,cd784d15-f8f3-4126-a791-8e9af8732cae,more   more dunkelblau cardigan strickjacke,more & more,"[('more   more dunkelblau   blau strickjacke', 87), ('more   more weiß   weiß rock', 86)]"
62334,9d8d87a5-fa9d-472c-8cee-e62ee1834c19,more   more schwarz skirt  a linien rock,more & more,"[('more   more schwarz   schwarz rock', 95), ('more   more schwarz   schwarz rock', 95)]"
62440,453f1360-e779-4e2c-893f-08f911262795,more   more blau blouse billa hemdbluse,more & more,"[('more   more lila   schwarz   wollweiß   schwarz bleistiftrock', 86), ('more   more weiß   weiß rock', 86)]"
63766,987ab0f4-e073-410e-b15b-28161593eba0,more   more mehrfarbig dress short freizeitkleid,more & more,"[('more   more hummer   orange hose', 86), ('more   more weiß   weiß rock', 86)]"
63801,1f2982f3-9a61-49a4-a269-c4759ea93e70,more   more offwhite bluse top,more & more,"[('more   more creme   schwarz   schwarz bleistiftkleid', 86), ('more   more schwarz   silber   schwarz t shirt', 86)]"
64059,aabfd521-0719-44a3-930f-d9b89e24f1f9,more   more mehrfarbig jumpsuit,more & more,"[('more   more creme   schwarz   schwarz bleistiftkleid', 86), ('more   more türkis   rot   weiß   weiß kurzarm bluse', 86)]"
64298,cb92de29-2e58-4ce4-b302-fdd99d7c2743,more   more rosa bluse t shirt basic,more & more,"[('more   more lila   schwarz   wollweiß   schwarz bleistiftrock', 86), ('more   more braun   pink   wollweiß   pink ärmellose bluse', 86)]"
64401,afdbfbf1-2d9e-49f5-9597-4d46966bd457,more   more dunkelblau dotted blouse bluse,more & more,"[('more   more weiß   weiß rock', 86), ('more   more rauchblau   dunkelblau   hellgrau   blau blusenkleid', 86)]"
64540,013dbda7-11ba-4e24-bb25-6e4a7f60a89c,more   more sand bluse t shirt print,more & more,"[('more   more lila   schwarz   wollweiß   schwarz bleistiftrock', 86), ('more   more braun   pink   wollweiß   pink ärmellose bluse', 86)]"
64585,446fec5b-9a2b-4097-aab3-911b5ce805bf,more   more dunkelblau trouser jogginghose,more & more,"[('more   more weiß   weiß rock', 86), ('more   more rauchblau   dunkelblau   hellgrau   blau blusenkleid', 86)]"
64714,66e09a75-04e0-45f4-8179-5179cfcfb84d,more   more grau skirt short a linien rock,more & more,"[('more   more weiß   weiß rock', 86), ('more   more rauchblau   dunkelblau   hellgrau   blau blusenkleid', 86)]"
64800,9bfe13eb-f734-440a-94b3-d32aae031d4d,more   more schwarz blazer,more & more,"[('more   more schwarz   schwarz blazer', 95), ('more   more schwarz   schwarz blazer', 95)]"
64843,cd08abc2-412c-4ad1-89c8-2a52da828543,more   more braun skirt short minirock,more & more,"[('more   more braun   braun minirock', 95), ('more   more braun   braun minirock', 95)]"
65130,21a408da-7390-444e-a0ef-ce9f0c288836,more   more schwarz skirt midi a linien rock,more & more,"[('more   more schwarz   schwarz rock', 95), ('more   more schwarz   schwarz rock', 95)]"
65278,a94934e3-a857-489c-9e27-f2193914dd56,more   more mehrfarbig dress long freizeitkleid,more & more,"[('more   more weiß   weiß rock', 86), ('more   more weiß   weiß bluse', 86)]"
65512,96f2efd3-dece-4c61-ad09-ce0e4f25e4e8,more   more weiß sleeve t shirt print,more & more,"[('more   more weiß   weiß t shirt', 95), ('more   more weiß   weiß shirt', 95)]"
65649,3e731ed7-5a40-4bc9-aabd-0be5e915e37a,more   more schwarz strickpullover,more & more,"[('more   more schwarz   schwarz strickpullover', 95), ('more   more schwarz   schwarz strickpullover', 95)]"
66368,6c0ab543-3b42-4e02-8a77-af135f0be1b6,more   more mehrfarbig printed blouse langarmshirt bluse,more & more,"[('more   more blau   blau shirtjacke', 86), ('more   more schwarz   schwarz hose', 86)]"
66464,121a6555-456c-40ae-bb96-a5a228871ef7,more   more beige dress short freizeitkleid,more & more,"[('more   more weiß   weiß rock', 86), ('more   more weiß   weiß bluse', 86)]"
66695,6a9bd7b6-bc41-499b-af05-2b086355e129,more   more rot metallic langarmshirt bluse,more & more,"[('more   more weiß   weiß rock', 86), ('more   more weiß   weiß bluse', 86)]"
66745,627f35b8-0cb6-4d7c-b4b9-80da6223b217,more   more schwarz skirt a linien rock,more & more,"[('more   more schwarz   schwarz rock', 95), ('more   more schwarz   schwarz rock', 95)]"
66856,a0332b36-7cd1-42e8-8cc5-09eaa2e76d17,more   more dunkelblau printed blouse bluse langarmshirt,more & more,"[('more   more blau   blau shirtjacke', 86), ('more   more schwarz   schwarz hose', 86)]"
67006,2e2e4acb-3d0d-4bb3-ad54-e0080e34aa9b,more   more beige cardigan strickjacke,more & more,"[('more   more beige   beige strickjacke', 95), ('more   more beige   beige strickjacke', 95)]"
67337,cae52de2-8bf2-4f90-8ba1-9f2af4f834b5,more   more braun skirt a linien rock,more & more,"[('more   more braun   braun rock', 95), ('more   more lila   schwarz   wollweiß   schwarz bleistiftrock', 86)]"
67670,5249df6e-383d-4959-ab20-d975d47a4036,more   more dunkelblau blouse billa hemdbluse,more & more,"[('more   more weiß   weiß rock', 86), ('more   more weiß   weiß bluse', 86)]"
67980,26b18de1-b7a0-4cff-8eb1-d601bf436b96,more   more schwarz sleeve strickpullover,more & more,"[('more   more schwarz   schwarz strickpullover', 95), ('more   more schwarz   schwarz strickpullover', 95)]"
67987,e6611645-c687-4fd6-a4eb-5cdadea39281,more   more grau patched bluse,more & more,"[('more   more grau   grau bluse', 95), ('more   more grau   grau bluse', 95)]"
68248,c7dab688-dd58-40c8-9ff6-cf355c364430,more   more grau strickpullover,more & more,"[('more   more hellgrau   grau strickpullover', 95), ('more   more hellgrau   grau strickpullover', 95)]"
68369,78134adb-af25-414c-bdbd-251e354501b9,more   more orange sleeve bluse t shirt print,more & more,"[('more   more orange   orange shirt', 95), ('more   more orange   orange bluse', 95)]"
68463,4e040339-99dd-4752-bb95-8d814bc55271,more   more grau organic zip pocket pants stoffhose,more & more,"[('more   more blau   blau shirtjacke', 86), ('more   more schwarz   schwarz hose', 86)]"
68830,92561bdd-10b0-494b-8f0a-9742ec007c5e,more   more mehrfarbig dress short freizeitkleid,more & more,"[('more   more hummer   orange hose', 86), ('more   more weiß   weiß rock', 86)]"
69142,865b7b63-f0cf-4308-8720-0fdc4e57a90c,more   more weiß blouse bluse,more & more,"[('more   more weiß   weiß bluse', 95), ('more   more weiß   weiß bluse', 95)]"
69350,b274fbe2-1a20-4152-8d60-e537067e70ab,more   more mehrfarbig non sleeve bluse t shirt print,more & more,"[('more   more blau   blau shirtjacke', 86), ('more   more schwarz   schwarz hose', 86)]"
69454,174f8ca8-cae4-4726-a210-55724559e526,more   more dunkelblau kick flare pants stoffhose,more & more,"[('more   more hummer   orange hose', 86), ('more   more weiß   weiß rock', 86)]"
69528,5ce5f666-7191-4d03-8399-fc64e525b438,more   more grau dress short blusenkleid,more & more,"[('more   more lila   schwarz   wollweiß   schwarz bleistiftrock', 86), ('more   more weiß   weiß rock', 86)]"
69665,264259f0-0bf8-46d0-a57c-e590019d463b,more   more khaki skirt midi a linien rock,more & more,"[('more   more weiß   weiß rock', 86), ('more   more rauchblau   dunkelblau   hellgrau   blau blusenkleid', 86)]"
69771,cf9de551-92cc-4fc2-9c1b-f17dc4eeeeb8,more   more dunkelrot bluse t shirt print,more & more,"[('more   more weiß   weiß rock', 86), ('more   more rauchblau   dunkelblau   hellgrau   blau blusenkleid', 86)]"
70079,7f80f3a9-74ed-4224-a3f4-2efe2694ce21,more   more beige trouser chino,more & more,"[('more   more creme   schwarz   schwarz bleistiftkleid', 86), ('more   more türkis   rot   weiß   weiß kurzarm bluse', 86)]"
70313,dce5407e-ef0d-42e0-9aea-f97bdebd13e2,more   more dunkelblau freizeitkleid,more & more,"[('more   more lila   schwarz   wollweiß   schwarz bleistiftrock', 86), ('more   more braun   pink   wollweiß   pink ärmellose bluse', 86)]"
70602,f128896e-9cbd-4ac0-9c54-79a1f6cfd8c8,more   more schwarz blouse non sleeve hemdbluse top,more & more,"[('more   more blau   blau shirtjacke', 86), ('more   more schwarz   schwarz hose', 86)]"
70620,60144a11-3301-4ffa-ba60-82c679f3e146,more   more beige trouser chino,more & more,"[('more   more creme   schwarz   schwarz bleistiftkleid', 86), ('more   more türkis   rot   weiß   weiß kurzarm bluse', 86)]"
70624,af586f67-0386-470f-b608-2ae837e4f143,more   more blau skirt short a linien rock,more & more,"[('more   more weiß   weiß rock', 86), ('more   more rauchblau   dunkelblau   hellgrau   blau blusenkleid', 86)]"
70982,528bc356-7f50-4271-9faa-6f56a221011a,more   more dunkelblau blouses bluse,more & more,"[('more   more lila   schwarz   wollweiß   schwarz bleistiftrock', 86), ('more   more braun   pink   wollweiß   pink ärmellose bluse', 86)]"
71320,1b5de887-0683-4106-b5c4-bf266cc374b5,more   more dunkelblau skirt midi a linien rock,more & more,"[('more   more weiß   weiß rock', 86), ('more   more weiß   weiß bluse', 86)]"
71629,61fa506d-96c0-4a25-acbc-a518839e4a11,more   more weiß dress interlock jerseykleid etuikleid,more & more,"[('more   more blau   blau shirtjacke', 86), ('more   more schwarz   schwarz hose', 86)]"
72086,a34b906f-b457-475e-a27f-b3cb36cd0010,more   more rot strickpullover,more & more,"[('more   more creme   schwarz   schwarz bleistiftkleid', 86), ('more   more schwarz   silber   schwarz t shirt', 86)]"
72095,503682fc-d596-4c8b-b4f1-ea9ac57a1afc,more   more blau strickpullover,more & more,"[('more   more braun   braun strickpullover', 89), ('more   more braun   braun strickpullover', 89)]"
72208,0b0f78f8-8841-4345-9a16-86499acbe7b2,more   more braun strickpullover,more & more,"[('more   more braun   braun strickpullover', 95), ('more   more braun   braun strickpullover', 95)]"
72667,933ecfc5-ee4c-41f9-a834-0e1aa7aa4516,more   more mehrfarbig dress long freizeitkleid,more & more,"[('more   more weiß   weiß rock', 86), ('more   more weiß   weiß bluse', 86)]"
72671,1b253c8d-6a63-45fe-a798-209940179377,more   more weiß blouse sleeve bluse,more & more,"[('more   more weiß   weiß bluse', 95), ('more   more weiß   weiß bluse', 95)]"
73102,b9c52e52-0758-4222-a8f4-8a70526b3214,more   more grau klassischer mantel,more & more,"[('more   more grau   grau mantel', 95), ('more   more lila   schwarz   wollweiß   schwarz bleistiftrock', 86)]"
73359,30f1d2c4-d522-46c2-9934-2dca2a26de2f,more   more khaki stoffhose,more & more,"[('more   more creme   schwarz   schwarz bleistiftkleid', 86), ('more   more schwarz   schwarz plisseerock', 86)]"
73702,fd97091c-d798-48ce-b481-8e4618d6a3b3,more   more braun blouse sleeve hemdbluse,more & more,"[('more   more weiß   weiß rock', 86), ('more   more rauchblau   dunkelblau   hellgrau   blau blusenkleid', 86)]"
73784,be535d46-2ae7-4d6f-9911-f87bcc5e2593,more   more hellblau blouse  sleeve bluse,more & more,"[('more   more weiß   weiß rock', 86), ('more   more rauchblau   dunkelblau   hellgrau   blau blusenkleid', 86)]"
74070,d570b910-dbe5-4c0d-b71f-1092c65e0a9c,more   more offwhite boat neck batwing strickpullover,more & more,"[('more   more blau   blau shirtjacke', 86), ('more   more schwarz   schwarz hose', 86)]"
74230,6e8881ed-1e2d-48f8-86ba-fe9a9df89b39,more   more rosa bluse t shirt basic,more & more,"[('more   more lila   schwarz   wollweiß   schwarz bleistiftrock', 86), ('more   more braun   pink   wollweiß   pink ärmellose bluse', 86)]"
74461,09fe415e-6bef-4111-9e67-ced837734077,more   more dunkelblau strickpullover,more & more,"[('more   more lila   schwarz   wollweiß   schwarz bleistiftrock', 86), ('more   more braun   pink   wollweiß   pink ärmellose bluse', 86)]"
74517,78e1830e-8e0c-43f8-a355-09e64d5e3426,more   more schwarz jeans slim fit,more & more,"[('more   more schwarz   schwarz jeans', 95), ('more   more schwarz   schwarz slim jeans', 95)]"
75009,f6fb2486-b0d1-45c0-b628-dedda5ff95d1,more   more pink short a linien rock,more & more,"[('more   more lila   schwarz   wollweiß   schwarz bleistiftrock', 86), ('more   more braun   pink   wollweiß   pink ärmellose bluse', 86)]"
75311,04d36ec0-6ee9-4a51-9737-5f4fa56f7356,more   more khaki business top bluse,more & more,"[('more   more lila   schwarz   wollweiß   schwarz bleistiftrock', 86), ('more   more braun   pink   wollweiß   pink ärmellose bluse', 86)]"
75524,03498c5c-39d0-483b-b383-ba59ecdaad28,more   more dunkelblau 1 1 sleeve strickpullover,more & more,"[('more   more hummer   orange hose', 86), ('more   more weiß   weiß rock', 86)]"
75814,bf3fef2e-c877-44ef-b6a2-fd82228786be,more   more mehrfarbig t shirt print bluse,more & more,"[('more   more weiß   weiß rock', 86), ('more   more rauchblau   dunkelblau   hellgrau   blau blusenkleid', 86)]"
76113,eb7adf95-7ef9-41ab-aac3-74f2b01bbad7,more   more hellblau dolmansleeve  strickpullover,more & more,"[('more   more hummer   orange hose', 86), ('more   more weiß   weiß rock', 86)]"
76772,314c0e0f-b21e-458a-83b4-ac3493d0cb15,more   more schwarz trouser stoffhose,more & more,"[('more   more schwarz   schwarz stoffhose', 95), ('more   more schwarz   schwarz stoffhose', 95)]"
76971,6c569836-0a24-4d65-8c7e-c6583b1bd129,more   more dunkelblau bluse t shirt print,more & more,"[('more   more weiß   weiß rock', 86), ('more   more rauchblau   dunkelblau   hellgrau   blau blusenkleid', 86)]"
77359,71359c68-136a-44ad-8e62-6786e9430244,more   more weiß t shirt print,more & more,"[('more   more weiß   weiß t shirt', 95), ('more   more weiß   weiß shirt', 95)]"
77525,50fee1e1-e983-445a-bc0e-02894ce963ea,more   more dunkelblau langarmshirt,more & more,"[('more   more lila   schwarz   wollweiß   schwarz bleistiftrock', 86), ('more   more braun   pink   wollweiß   pink ärmellose bluse', 86)]"
77777,739834cb-964b-4df5-b62e-10a115664121,more   more dunkelblau blouse  hemdbluse,more & more,"[('more   more lila   schwarz   wollweiß   schwarz bleistiftrock', 86), ('more   more weiß   weiß rock', 86)]"
78039,beb8851e-3dee-48e6-907b-dd75b2c84ece,more   more beige skirt midi a linien rock,more & more,"[('more   more beige   beige rock', 95), ('more   more weiß   weiß rock', 86)]"
78190,cb7935bf-116d-4585-b3ff-58c9e1d98c25,more   more braun trouser cargohose,more & more,"[('more   more lila   schwarz   wollweiß   schwarz bleistiftrock', 86), ('more   more braun   pink   wollweiß   pink ärmellose bluse', 86)]"
78200,48fade26-a92a-43f5-bd7a-60fa2c3e488d,more   more braun interlock etuikleid,more & more,"[('more   more lila   schwarz   wollweiß   schwarz bleistiftrock', 86), ('more   more braun   pink   wollweiß   pink ärmellose bluse', 86)]"
78388,a06a8c82-b48d-4ba9-b451-d2b0a5ada7c7,more   more rot trouser stoffhose,more & more,"[('more   more creme   schwarz   schwarz bleistiftkleid', 86), ('more   more lila   schwarz   wollweiß   schwarz bleistiftrock', 86)]"
78511,bb2e175e-07da-4223-af0c-9dca781fd07c,more   more braun skirt midi a linien rock,more & more,"[('more   more braun   braun rock', 95), ('more   more weiß   weiß rock', 86)]"
78691,7b2a36dc-9965-444c-af5e-2503e102c742,more   more weiß t shirt print bluse,more & more,"[('more   more weiß   weiß bluse', 95), ('more   more weiß   weiß bluse', 95)]"
78757,7fb0a227-b015-4b77-a49e-65b25cb8a5e6,more   more rosa bluse t shirt basic,more & more,"[('more   more lila   schwarz   wollweiß   schwarz bleistiftrock', 86), ('more   more braun   pink   wollweiß   pink ärmellose bluse', 86)]"
78927,82d795db-22fb-409e-9e1f-2111cd3f5c8b,more   more orange dress long freizeitkleid,more & more,"[('more   more weiß   weiß rock', 86), ('more   more weiß   weiß bluse', 86)]"
78992,b30a663b-4856-4573-9344-5bb9a8efd3f8,more   more schwarz trouser jogginghose,more & more,"[('more   more lila   schwarz   wollweiß   schwarz bleistiftrock', 86), ('more   more weiß   weiß rock', 86)]"
79444,d7fd4447-9dd2-4001-a590-2fbb98e53f2d,more   more beige blazer,more & more,"[('more   more beige   beige blazer', 95), ('more   more beige   beige blazer', 95)]"
79482,96368f98-2cc0-4c4d-8f22-636cfdc3ef2d,more   more mehrfarbig t shirt print,more & more,"[('more   more lila   schwarz   wollweiß   schwarz bleistiftrock', 86), ('more   more braun   pink   wollweiß   pink ärmellose bluse', 86)]"
79758,f383c54f-8be1-458c-92d1-a56dc58755fb,more   more offwhite t shirt print,more & more,"[('more   more creme   schwarz   schwarz bleistiftkleid', 86), ('more   more lila   schwarz   wollweiß   schwarz bleistiftrock', 86)]"
79838,956946dd-20d4-424b-882c-45fd3b58bea4,more   more dunkelblau strickpullover,more & more,"[('more   more lila   schwarz   wollweiß   schwarz bleistiftrock', 86), ('more   more braun   pink   wollweiß   pink ärmellose bluse', 86)]"
80229,874ba32c-4522-43f1-b614-17ec08881000,more   more pink t shirt basic,more & more,"[('more   more pink   pink t shirt', 95), ('more   more pink   pink t shirt', 95)]"
80875,61256057-49b6-43b6-973b-ac436db9025b,more   more orange langarmshirt,more & more,"[('more   more creme   schwarz   schwarz bleistiftkleid', 86), ('more   more türkis   rot   weiß   weiß kurzarm bluse', 86)]"
81322,d0004f33-bdd0-46e8-9087-97f4c15ddfc4,more   more hellblau bluse,more & more,"[('more   more hellblau   blau bluse', 95), ('more   more hellblau   blau bluse', 95)]"
81795,1c190d96-d6be-4ba7-82c9-b6a61d09a0f7,more   more schwarz langarmshirt,more & more,"[('more   more creme   schwarz   schwarz bleistiftkleid', 86), ('more   more türkis   rot   weiß   weiß kurzarm bluse', 86)]"
82021,0bbd0e35-ce99-41c8-8b18-765e20497b44,more   more sand patched skirt lederrock,more & more,"[('more   more lila   schwarz   wollweiß   schwarz bleistiftrock', 86), ('more   more weiß   weiß rock', 86)]"
82499,85914c36-cdab-4012-bb14-d8e6b23b6ce4,more   more grau skirt bleistiftrock,more & more,"[('more   more grün   grau bleistiftrock', 87), ('more   more lila   schwarz   wollweiß   schwarz bleistiftrock', 86)]"
82928,5726a631-bf4b-42c0-a55c-23fb1bbd69a9,more   more grün blazer,more & more,"[('more   more oliv   grün blazer', 95), ('more   more schilf   grün blazer', 95)]"
82989,6407465f-3a91-48ef-98c4-90c82aa2b870,more   more gelb blouse non sleeve bluse,more & more,"[('more   more gelb   gelb bluse', 95), ('more   more gelb   gelb bluse', 95)]"
84138,ea5bb664-865b-499a-a56e-9eb19cdf476e,more   more khaki skirt midi a linien rock,more & more,"[('more   more weiß   weiß rock', 86), ('more   more rauchblau   dunkelblau   hellgrau   blau blusenkleid', 86)]"
84566,5d7a9114-cb2b-43ad-83b3-e5591309d02d,more   more pink bluse t shirt print,more & more,"[('more   more pink   pink t shirt', 95), ('more   more pink   pink bluse', 95)]"
84570,925add9b-7b1c-4335-9d71-0cc4567c479a,more   more schwarz stoffhose,more & more,"[('more   more schwarz   schwarz stoffhose', 95), ('more   more schwarz   schwarz stoffhose', 95)]"
84997,8edab0a8-7187-4e0c-a497-f235e83cee6b,more   more dunkelblau stoffhose,more & more,"[('more   more dunkelblau   blau stoffhose', 95), ('more   more dunkelblau   blau stoffhose', 95)]"
85057,f6590317-debe-4728-a0cc-f29aa1494643,more   more mehrfarbig blazer,more & more,"[('more   more creme   schwarz   schwarz bleistiftkleid', 86), ('more   more schwarz   silber   schwarz t shirt', 86)]"
85343,00f91daa-a088-4b47-bccd-05178306f62d,more   more schwarz strickpullover,more & more,"[('more   more schwarz   schwarz strickpullover', 95), ('more   more schwarz   schwarz strickpullover', 95)]"
85474,342987d4-aba3-4f4b-969c-c9a3438c133e,more   more rot blazer,more & more,"[('more   more rot   rot blazer', 95), ('more   more rot   rot blazer', 95)]"
85506,12b750f8-fac9-4a33-9526-b77ac86dc50e,more   more weiß non sleeve top,more & more,"[('more   more weiß   weiß top', 95), ('more   more creme   schwarz   schwarz bleistiftkleid', 86)]"
85843,dc316d22-603d-41f5-9369-f6ed79e399df,more   more schwarz skirt short bleistiftrock,more & more,"[('more   more schwarz   schwarz bleistiftrock', 95), ('more   more schwarz   schwarz bleistiftrock', 95)]"
85865,f3b7dc25-44d4-4db2-950e-08e364f820c2,more   more hellblau blazer,more & more,"[('more   more hellblau   blau blazer', 95), ('more   more hellblau   blau blazer', 95)]"
86238,ea143f98-d21f-4b05-9c05-2a52d8db8be6,more   more dunkelrot dress blusenkleid,more & more,"[('more   more lila   schwarz   wollweiß   schwarz bleistiftrock', 86), ('more   more weiß   weiß rock', 86)]"
86328,c2d189f3-cd0c-4f84-9ad4-d7c196748ac1,more   more khaki blouse non sleeve bluse top,more & more,"[('more   more weiß   weiß rock', 86), ('more   more weiß   weiß bluse', 86)]"
86725,fbaa7b5f-9047-46df-8a4b-c185a3aec6bc,more   more dunkelblau trouser stoffhose,more & more,"[('more   more lila   schwarz   wollweiß   schwarz bleistiftrock', 86), ('more   more weiß   weiß rock', 86)]"
87128,62d71eb9-ba31-4ad5-bc43-475fb339b336,more   more mehrfarbig blouse langarmshirt bluse,more & more,"[('more   more hummer   orange hose', 86), ('more   more weiß   weiß rock', 86)]"
87490,a2689133-3734-44e6-b31c-c81f7095e6fb,more   more mehrfarbig dress interlock jerseykleid,more & more,"[('more   more weiß   weiß strickshirt', 86), ('more   more marine   blau t shirt', 86)]"
87570,12f63d7b-f870-4b16-9fbc-2efbf7a848a0,more   more schwarz dress short freizeitkleid,more & more,"[('more   more weiß   weiß rock', 86), ('more   more weiß   weiß bluse', 86)]"
87978,279df033-5137-4729-883c-548836e68a27,more   more offwhite langarmshirt,more & more,"[('more   more creme   schwarz   schwarz bleistiftkleid', 86), ('more   more lila   schwarz   wollweiß   schwarz bleistiftrock', 86)]"
88121,68b06857-92aa-4fb0-90e0-ceafd101b5f8,more   more blau jeans slim fit,more & more,"[('more   more blau   blau slim jeans', 95), ('more   more blau   blau slim jeans', 95)]"
88366,1d4e35b5-4a15-49a2-b22c-34f457027caf,more   more khaki jacket blazer,more & more,"[('more   more creme   schwarz   schwarz bleistiftkleid', 86), ('more   more türkis   rot   weiß   weiß kurzarm bluse', 86)]"
89103,c6f1fdc1-6db4-42fb-8541-4aedaf511981,more   more grau strickjacke,more & more,"[('more   more grau   grau strickjacke', 95), ('more   more grau   grau strickjacke', 95)]"
89370,ebb7bddb-2e8b-4523-913a-98a0f6f06428,more   more blue denim jeans slim fit,more & more,"[('more   more lila   schwarz   wollweiß   schwarz bleistiftrock', 86), ('more   more braun   pink   wollweiß   pink ärmellose bluse', 86)]"
89645,e7e5199e-f01b-41dc-9fb9-de32ee9bb928,more   more gelb dress freizeitkleid,more & more,"[('more   more lila   schwarz   wollweiß   schwarz bleistiftrock', 86), ('more   more braun   pink   wollweiß   pink ärmellose bluse', 86)]"
89766,9fe87ff0-b229-4764-965b-328c6a25b990,more   more mehrfarbig blouse 3 4 sleeve bluse,more & more,"[('more   more weiß   weiß rock', 86), ('more   more weiß   weiß bluse', 86)]"
90007,3968c368-8a19-46f7-86a0-1d42e33eb4f6,more   more khaki t shirt basic,more & more,"[('more   more creme   schwarz   schwarz bleistiftkleid', 86), ('more   more türkis   rot   weiß   weiß kurzarm bluse', 86)]"
90179,d19c8c45-3873-4d94-9fb0-cfbbdb060ed9,more   more khaki dress short freizeitkleid,more & more,"[('more   more weiß   weiß rock', 86), ('more   more weiß   weiß bluse', 86)]"
90818,f2b4d12c-be8a-4555-bb0a-8a8e130027a9,more   more khaki trouser stoffhose,more & more,"[('more   more lila   schwarz   wollweiß   schwarz bleistiftrock', 86), ('more   more braun   pink   wollweiß   pink ärmellose bluse', 86)]"
91583,225b0668-2da5-40b2-bee2-3f53dc72e26b,more   more grün blouse non sleeve bluse t shirt basic,more & more,"[('more   more blau   blau shirtjacke', 86), ('more   more schwarz   schwarz hose', 86)]"
91740,85c65c41-d1c2-47e0-a080-84506824bb06,more   more offwhite langarmshirt,more & more,"[('more   more creme   schwarz   schwarz bleistiftkleid', 86), ('more   more lila   schwarz   wollweiß   schwarz bleistiftrock', 86)]"
92140,07df0baa-0f50-4bd4-a21c-61bbebc0e084,more   more grün skirt a linien rock,more & more,"[('more   more grün   grün rock', 95), ('more   more lila   schwarz   wollweiß   schwarz bleistiftrock', 86)]"
92216,7a5a1af0-4acf-4085-8ae1-a8e4c8e135b0,more   more blau blazer,more & more,"[('more   more azur   blau blazer', 95), ('more   more marine   blau blazer', 95)]"
92299,1ddd25bb-593a-43f8-9974-2493095c8db5,more   more offwhite strickpullover,more & more,"[('more   more lila   schwarz   wollweiß   schwarz bleistiftrock', 86), ('more   more braun   pink   wollweiß   pink ärmellose bluse', 86)]"
92442,887bb5cb-1551-461a-a26a-daee96580c8b,more   more khaki strickpullover,more & more,"[('more   more creme   schwarz   schwarz bleistiftkleid', 86), ('more   more türkis   rot   weiß   weiß kurzarm bluse', 86)]"
92912,34457845-8eba-4f92-8ab0-7635ac5409db,more   more hellgrün kickflare stoffhose,more & more,"[('more   more lila   schwarz   wollweiß   schwarz bleistiftrock', 86), ('more   more weiß   weiß rock', 86)]"
92926,00310c97-e926-47cc-9872-348b97383585,more   more hellgelb top,more & more,"[('more   more creme   schwarz   schwarz bleistiftkleid', 86), ('more   more anthrazit   grau jeansjacke', 86)]"
93353,70776bed-7642-4e62-9e78-81f3db453eb1,more   more schwarz strickpullover,more & more,"[('more   more schwarz   schwarz strickpullover', 95), ('more   more schwarz   schwarz strickpullover', 95)]"
93481,9267f904-54ed-4cc8-bc38-afeee9f26a46,more   more blau dress interlock freizeitkleid,more & more,"[('more   more weiß   weiß rock', 86), ('more   more weiß   weiß bluse', 86)]"
93924,1c903d83-a02f-4881-b85a-726f78a9d44a,more   more schwarz langarmshirt,more & more,"[('more   more creme   schwarz   schwarz bleistiftkleid', 86), ('more   more türkis   rot   weiß   weiß kurzarm bluse', 86)]"
94082,ad196c16-1c6a-4fd0-9bac-9d69fc1ebe72,more   more offwhite blouse billa hemdbluse,more & more,"[('more   more weiß   weiß rock', 86), ('more   more weiß   weiß bluse', 86)]"
94267,63fd02df-4994-4252-b987-b407a6ed3242,more   more dunkelgrün strickpullover,more & more,"[('more   more lila   schwarz   wollweiß   schwarz bleistiftrock', 86), ('more   more braun   pink   wollweiß   pink ärmellose bluse', 86)]"
94763,4993cb91-7068-4909-a053-c59ec83ec2ad,more   more schwarz skirt  a linien rock,more & more,"[('more   more schwarz   schwarz rock', 95), ('more   more schwarz   schwarz rock', 95)]"
94799,614469b7-3e43-48a8-94c4-a21adf827e19,more   more hellgrün chino,more & more,"[('more   more creme   schwarz   schwarz bleistiftkleid', 86), ('more   more anthrazit   grau jeansjacke', 86)]"
95067,e559cb55-8fe5-487d-8acb-04492ca96508,more   more hellblau printed hedy chino,more & more,"[('more   more lila   schwarz   wollweiß   schwarz bleistiftrock', 86), ('more   more weiß   weiß rock', 86)]"
95113,875c7c8b-dbac-4a73-aab7-0422b9ba4ca2,more   more schwarz with pleated hem sweatshirt,more & more,"[('more   more weiß   weiß rock', 86), ('more   more weiß   weiß bluse', 86)]"
95248,b00497bd-aabf-491a-b9eb-81d77a266038,more   more schwarz 1 1 sleeve strickpullover,more & more,"[('more   more schwarz   schwarz strickpullover', 95), ('more   more schwarz   schwarz strickpullover', 95)]"
95519,42369830-fc0b-43b0-86e5-af2a6775069c,more   more offwhite bluse,more & more,"[('more   more offwhite   weiß bluse', 95), ('more   more offwhite   weiß bluse', 95)]"
95576,a06d7bf2-631e-4ae9-9a87-9c2e1d829059,more   more schwarz blouse billa hemdbluse,more & more,"[('more   more weiß   weiß rock', 86), ('more   more rauchblau   dunkelblau   hellgrau   blau blusenkleid', 86)]"
95639,e28dfcd3-1305-4189-afe7-121471cdcd51,more   more gelb bluse langarmshirt,more & more,"[('more   more gelb   gelb bluse', 95), ('more   more gelb   gelb bluse', 95)]"
95678,2211bfdb-6ffb-410e-8f31-d868930cb9d8,more   more rot metallic sleeve langarmshirt,more & more,"[('more   more weiß   weiß rock', 86), ('more   more weiß   weiß bluse', 86)]"
96334,6476b174-ba22-4de4-ad42-e0aab781eb2c,more   more dunkelblau big collar trenchcoat,more & more,"[('more   more weiß   weiß rock', 86), ('more   more weiß   weiß bluse', 86)]"
96389,3c91511d-e80e-4f73-acbb-94134f874e60,more   more schwarz langarmshirt,more & more,"[('more   more creme   schwarz   schwarz bleistiftkleid', 86), ('more   more türkis   rot   weiß   weiß kurzarm bluse', 86)]"
96627,2936a59f-8c7f-46bc-8a3d-78d639710909,more   more dunkelblau sally blazer,more & more,"[('more   more dunkelblau   blau blazer', 87), ('more   more dunkelblau   blau blazer', 87)]"
96700,e4593013-5d5a-4b60-be8f-7fa5fb335e3c,more   more blau sleeve langarmshirt,more & more,"[('more   more lila   schwarz   wollweiß   schwarz bleistiftrock', 86), ('more   more braun   pink   wollweiß   pink ärmellose bluse', 86)]"
97012,921558b5-a778-4b32-bbb1-e6ea4d1fdf92,more   more weiß hemdbluse,more & more,"[('more   more weiß   weiß hemd bluse', 88), ('more   more weiß   weiß hemd bluse', 88)]"
97076,f0bcd990-ac23-41b8-b440-6a1c81ce2a07,more   more hellgrün trouser stoffhose,more & more,"[('more   more lila   schwarz   wollweiß   schwarz bleistiftrock', 86), ('more   more braun   pink   wollweiß   pink ärmellose bluse', 86)]"
97976,60c98f1f-8340-4b70-b69f-8d4047cdd595,more   more schwarz dress long blusenkleid,more & more,"[('more   more schwarz   schwarz blusenkleid', 95), ('more   more schwarz   weiß   schwarz blusenkleid', 87)]"
98081,4c485a2d-ff56-4a59-9614-fee8d8719e88,more   more blau short a linien rock,more & more,"[('more   more blau   blau rock', 95), ('more   more lila   schwarz   wollweiß   schwarz bleistiftrock', 86)]"
98158,00a5ac28-fa89-4cd4-ae75-5551ef14f510,more   more gelb strickpullover,more & more,"[('more   more creme   schwarz   schwarz bleistiftkleid', 86), ('more   more türkis   rot   weiß   weiß kurzarm bluse', 86)]"
98164,15f96ad7-75da-41c8-a9d4-ae02f66170cd,more   more braun blouse non sleeve top bluse,more & more,"[('more   more braun   braun bluse', 95), ('more   more braun   braun bluse', 95)]"
98597,fdc878a1-636a-413a-9d7b-8e229ca7b129,more   more grün sleeve strickpullover,more & more,"[('more   more lila   schwarz   wollweiß   schwarz bleistiftrock', 86), ('more   more braun   pink   wollweiß   pink ärmellose bluse', 86)]"
98872,f847fcb8-2017-4dbc-8783-f91903ff293f,more   more grau outdoor vest weste,more & more,"[('more   more lila   schwarz   wollweiß   schwarz bleistiftrock', 86), ('more   more braun   pink   wollweiß   pink ärmellose bluse', 86)]"
98951,457b6534-9db6-4070-825c-40086e9d6c77,more   more rot blouse bluse,more & more,"[('more   more rot   rot bluse', 95), ('more   more rot   rot bluse', 95)]"
99264,9fa1f40a-1e04-44d1-8c22-1dd961a1fc11,more   more grau strickpullover,more & more,"[('more   more hellgrau   grau strickpullover', 95), ('more   more hellgrau   grau strickpullover', 95)]"
99354,200bff2c-e964-4ee0-850c-f7b4a4d02889,more   more offwhite tunic dress blusenkleid,more & more,"[('more   more weiß   weiß rock', 86), ('more   more weiß   weiß bluse', 86)]"
99374,638534bf-a7ac-4b56-b2d9-2a24613114ab,more   more dunkelblau zickzack dress jerseykleid,more & more,"[('more   more hummer   orange hose', 86), ('more   more weiß   weiß rock', 86)]"
99781,93acd763-174d-487b-ac07-720407c83c11,more   more offwhite blouse  hemdbluse,more & more,"[('more   more lila   schwarz   wollweiß   schwarz bleistiftrock', 86), ('more   more rauchblau   dunkelblau   hellgrau   blau blusenkleid', 86)]"
99999,ecb143fb-c0c5-4c3b-a43f-53aa5eb1648a,more   more weiß blouse non sleeve top bluse,more & more,"[('more   more weiß   weiß rock', 86), ('more   more weiß   weiß bluse', 86)]"
100664,fd498975-71ad-4cea-aad0-136c72afbc26,more   more mehrfarbig zickzack skirt bleistiftrock,more & more,"[('more   more blau   blau shirtjacke', 86), ('more   more schwarz   schwarz hose', 86)]"
100694,bda3276a-d1ec-4498-8f69-40d96b23e43c,more   more mehrfarbig dress  blusenkleid,more & more,"[('more   more weiß   weiß rock', 86), ('more   more rauchblau   dunkelblau   hellgrau   blau blusenkleid', 86)]"
100815,5b410ffc-e89a-4bd6-a597-924009230f9e,more   more mehrfarbig non sleeve bluse,more & more,"[('more   more lila   schwarz   wollweiß   schwarz bleistiftrock', 86), ('more   more weiß   weiß rock', 86)]"
101026,d3226156-8935-4e92-b795-e8398a010232,more   more braun t shirt basic bluse,more & more,"[('more   more braun   braun t shirt', 95), ('more   more braun   braun t shirt', 95)]"
101634,ce9ca00e-08a3-449d-93eb-230a842b1733,more   more blau strickpullover,more & more,"[('more   more braun   braun strickpullover', 89), ('more   more braun   braun strickpullover', 89)]"
101695,672fa774-6220-4467-b910-27775d852aef,more   more dunkelblau jacket short kurzmantel,more & more,"[('more   more weiß   weiß rock', 86), ('more   more weiß   weiß bluse', 86)]"
101840,9e5fc229-bc3c-452b-92f8-036f19bbc68e,more   more rot sleeve strickpullover,more & more,"[('more   more lila   schwarz   wollweiß   schwarz bleistiftrock', 86), ('more   more braun   pink   wollweiß   pink ärmellose bluse', 86)]"
102428,041c2aec-0f16-435c-b7b2-a2b7356dfe65,more   more offwhite trouser stoffhose,more & more,"[('more   more lila   schwarz   wollweiß   schwarz bleistiftrock', 86), ('more   more rauchblau   dunkelblau   hellgrau   blau blusenkleid', 86)]"
102446,62facf85-d75c-45bc-b24d-2c9e89b1994a,more   more dunkelblau bluse,more & more,"[('more   more creme   schwarz   schwarz bleistiftkleid', 86), ('more   more schwarz   silber   schwarz t shirt', 86)]"
102458,64361ce3-1587-4043-8c04-d4b1b5ef0d77,more   more mint strickpullover,more & more,"[('more   more pink   pink strickpullover', 87), ('more   more creme   schwarz   schwarz bleistiftkleid', 86)]"
102841,f27669be-4a6f-4ff0-871e-0a1550867926,more   more grün striped sleeve strickpullover,more & more,"[('more   more weiß   weiß rock', 86), ('more   more weiß   weiß bluse', 86)]"
102876,ff5888dc-0eff-421a-b3c2-4033b56d7cb8,more   more schwarz t shirt basic,more & more,"[('more   more schwarz   schwarz t shirt', 95), ('more   more schwarz   schwarz t shirt', 95)]"
